brand,price,reting,is_5g,is_nfc,is_ir_blaster,processor_brand,core,proccessor_speed,ram,internal_memory,battery_size,fast_charge,charging_speed,rear_mp,front_mp,os,display_size,refresh_rate
Samsung,74999,92.0,1,1.0,0,Snapdragon,8,3.3,12.0,256,5000,1,45,200,12,Android,6.8,120
Oneplus,24997,83.0,1,0.0,1,Dimensity,8,3.35,8.0,128,7100,1,80,50,16,Android,6.77,120
Apple,47999,81.0,1,1.0,0,Bionic,6,3.46,6.0,128,3349,1,20,48,12,iOS,6.1,60
Realme,16999,82.0,1,0.0,0,Dimensity,8,2.4,6.0,128,7000,1,60,50,50,Android,6.81,144
Samsung,33890,84.0,1,1.0,0,Exynos,10,3.11,8.0,128,4700,1,25,50,10,Android,6.7,120
Motorola,16775,83.0,1,0.0,0,Dimensity,8,2.6,8.0,128,6720,1,33,50,32,Android,6.7,120
Xiaomi,13999,81.0,1,1.0,1,Dimensity,8,2.5,6.0,128,5110,1,45,50,20,Android,6.67,120
Motorola,16798,80.0,1,0.0,0,Snapdragon,8,2.4,8.0,128,5500,1,33,50,32,Android,6.67,144
Vivo,27469,82.0,1,0.0,1,Snapdragon,8,2.8,8.0,128,6500,1,90,50,32,Android,6.77,120
Motorola,20600,84.0,1,0.0,0,Dimensity,8,2.5,8.0,256,5500,1,68,50,32,Android,6.7,120
Motorola,27420,80.0,1,1.0,0,Dimensity,8,3.35,8.0,256,6000,1,90,50,50,Android,6.7,120
Vivo,36999,86.0,1,1.0,1,Snapdragon,8,2.8,8.0,128,6500,1,90,50,50,Android,6.77,120
Vivo,13499,83.0,1,0.0,1,Dimensity,8,2.5,6.0,128,6500,1,44,50,8,Android,6.72,120
Realme,18499,82.0,1,0.0,1,Dimensity,8,2.6,6.0,128,7000,1,80,50,16,Android,6.77,144
Apple,58999,85.0,1,1.0,0,Bionic,6,4.04,8.0,128,3561,1,20,48,12,iOS,6.1,60
Vivo,20999,83.0,1,0.0,1,Snapdragon,8,2.5,8.0,128,7300,1,90,50,32,Android,6.77,120
Oneplus,31998,84.0,1,1.0,1,Snapdragon,8,3.0,8.0,256,6800,1,80,50,50,Android,6.83,144
Oppo,17900,84.0,1,0.0,1,Snapdragon,8,2.3,8.0,128,7000,1,80,50,16,Android,6.67,120
Realme,18800,82.0,1,0.0,0,Snapdragon,8,2.5,8.0,128,6000,1,80,50,16,Android,6.83,120
Samsung,99700,93.0,1,1.0,0,Snapdragon,8,4.47,12.0,256,5000,1,45,200,12,Android,6.9,120
Samsung,64999,86.0,1,1.0,0,Snapdragon,8,3.3,8.0,256,4000,1,25,50,12,Android,6.2,120
Oppo,37998,86.0,1,0.0,1,Dimensity,8,3.35,8.0,256,6000,1,80,50,50,Android,6.59,120
Apple,82900,2.6,1,1.0,0,Bionic,6,2.6,8.0,256,3692,1,40,48,18,iOS,6.3,120
Xiaomi,25999,87.0,1,1.0,1,Snapdragon,8,3.0,8.0,256,4700,1,67,50,32,Android,6.55,120
Oppo,23999,85.0,1,1.0,1,Dimensity,8,3.35,8.0,128,5600,1,80,50,50,Android,6.59,120
Iqoo,24998,81.0,1,0.0,1,Snapdragon,8,3.0,8.0,128,6400,1,80,50,32,Android,6.78,144
Oppo,10543,84.0,1,0.0,0,Dimensity,8,2.4,4.0,128,6000,1,45,50,8,Android,6.67,120
Oppo,26999,81.0,1,0.0,0,Dimensity,8,2.5,8.0,128,7000,1,80,50,32,Android,6.57,120
Samsung,18565,82.0,1,1.0,0,Exynos,8,2.4,8.0,128,5000,1,25,50,13,Android,6.6,120
Xiaomi,10999,81.0,1,0.0,1,Snapdragon,8,2.3,8.0,128,5030,1,33,108,13,Android,6.79,120
Vivo,50990,89.0,1,1.0,1,Dimensity,8,3.25,12.0,256,6500,1,90,50,50,Android,6.31,120
Samsung,15300,80.0,1,1.0,0,Exynos,8,2.4,6.0,128,5000,1,25,50,13,Android,6.7,120
Realme,12999,82.0,1,0.0,0,Dimensity,8,2.5,6.0,128,6000,1,45,50,8,Android,6.72,120
Vivo,19445,80.0,1,0.0,0,Dimensity,8,2.6,8.0,128,5700,1,44,50,32,Android,6.77,120
Oneplus,38999,86.0,1,1.0,1,Snapdragon,8,3.3,12.0,256,6000,1,80,50,16,Android,6.78,120
Apple,89999,87.0,1,1.0,0,Bionic,6,4.05,8.0,128,3582,1,20,48,12,iOS,6.3,120
Realme,11499,82.0,1,1.0,0,Dimensity,8,2.4,6.0,128,6000,1,45,32,8,Android,6.67,120
Samsung,23999,84.0,1,1.0,0,Exynos,8,2.7,8.0,128,5000,1,25,50,32,Android,6.6,120
Cmf,16490,83.0,1,0.0,0,Dimensity,8,2.5,8.0,128,5000,1,33,50,16,Android,6.77,120
Poco,23779,83.0,1,1.0,1,Dimensity,8,3.25,8.0,256,6550,1,90,50,20,Android,6.67,120
Iqoo,12998,81.5,1,0.0,1,Dimensity,8,2.5,6.0,128,6500,1,44,50,8,Android,6.72,120
Realme,24999,2.6,1,0.0,1,Snapdragon,8,2.6,8.0,128,7000,1,80,50,50,Android,6.8,144
Vivo,16499,83.0,1,0.0,1,Dimensity,8,2.5,8.0,256,6500,1,44,50,8,Android,6.72,120
Motorola,20999,86.0,1,1.0,0,Snapdragon,8,2.4,8.0,256,5000,1,68,50,32,Android,6.7,120
Samsung,48999,85.02,1,1.0,0,Exynos,10,3.2,8.0,256,4000,1,25,50,12,Android,6.2,120
Samsung,13999,85.0,1,0.0,0,Exynos,8,2.4,6.0,128,5000,1,25,50,13,Android,6.7,120
Iqoo,30998,83.0,1,1.0,1,Snapdragon,8,3.2,8.0,128,7000,1,120,50,32,Android,6.78,144
Samsung,39490,85.0,1,1.0,0,Exynos,10,3.11,8.0,256,4700,1,25,50,10,Android,6.7,120
Nothing,22129,83.0,1,1.0,0,Snapdragon,8,2.5,8.0,128,5000,1,50,50,32,Android,6.77,120
Poco,8699,82.0,1,0.0,0,Snapdragon,8,2.2,6.0,128,5160,1,18,50,8,Android,6.88,120
Vivo,9999,83.0,1,0.0,0,Dimensity,8,2.4,4.0,128,6000,1,15,50,5,Android,6.74,90
Xiaomi,14998,84.0,1,0.0,1,Snapdragon,8,2.3,6.0,128,7000,1,33,50,8,Android,6.9,144
Realme,29600,84.0,1,0.0,0,Snapdragon,8,2.8,8.0,128,7000,1,80,50,50,Android,6.8,144
Poco,12999,82.0,1,0.0,1,Snapdragon,8,2.3,6.0,128,7000,1,33,50,8,Android,6.9,144
Samsung,59999,85.02,1,1.0,0,Exynos,10,3.2,8.0,128,4900,1,45,50,12,Android,6.7,120
Oneplus,15999,81.0,1,0.0,0,Snapdragon,8,2.2,8.0,128,5500,1,80,50,16,Android,6.67,120
Oppo,22999,84.0,1,0.0,1,Dimensity,8,2.4,8.0,128,7000,1,80,50,16,Android,6.57,120
Motorola,8999,83.0,1,0.0,0,Unisoc,8,2.2,4.0,128,5000,1,18,50,16,Android,6.72,120
Apple,149900,82.0,1,1.0,0,Bionic,6,2.6,12.0,256,4832,1,20,48,18,iOS,6.9,120
Nothing,51290,90.0,1,1.0,0,Snapdragon,8,3.2,12.0,256,5500,1,65,50,50,Android,6.67,120
Vivo,29999,83.0,1,0.0,0,Snapdragon,8,2.63,8.0,128,6000,1,90,50,50,Android,6.77,120
Oppo,49998,90.0,1,1.0,1,Dimensity,8,3.25,12.0,256,6200,1,80,50,50,Android,6.83,120
Motorola,25990,88.0,1,1.0,0,Dimensity,8,2.6,12.0,256,5500,1,68,50,50,Android,6.7,120
Samsung,18449,85.0,1,1.0,0,Exynos,8,2.4,6.0,128,5000,1,25,50,13,Android,6.7,90
Xiaomi,24999,84.0,1,1.0,1,Dimensity,8,2.8,8.0,256,5000,1,120,200,16,Android,6.67,120
Poco,17499,82.0,1,1.0,1,Dimensity,8,2.5,8.0,128,5500,1,45,50,20,Android,6.67,120
Iqoo,20998,80.0,1,0.0,1,Snapdragon,8,2.5,8.0,128,7300,1,90,50,32,Android,6.77,120
Motorola,34999,89.0,1,1.0,0,Dimensity,8,3.35,16.0,512,6000,1,90,50,50,Android,6.7,120
Samsung,74999,87.0,1,1.0,0,Snapdragon,8,4.47,12.0,256,4000,1,25,50,12,Android,6.2,120
Oneplus,50999,87.0,1,1.0,1,Snapdragon,8,4.32,12.0,256,5850,1,80,50,32,Android,6.32,120
Vivo,24490,82.0,1,0.0,0,Dimensity,8,3.35,8.0,128,5500,1,80,50,50,Android,6.78,120
Oneplus,26997,83.0,1,0.0,1,Dimensity,8,3.35,8.0,256,7100,1,80,50,16,Android,6.77,120
Realme,17999,80.0,1,0.0,0,Snapdragon,8,2.5,8.0,256,6000,1,80,50,16,Android,6.83,120
Samsung,7999,85.0,1,0.0,0,Dimensity,8,2.4,4.0,128,5000,1,25,50,8,Android,6.74,90
Oppo,12047,84.0,1,0.0,0,Dimensity,8,2.4,6.0,128,6000,1,45,50,8,Android,6.67,120
Realme,19999,81.0,1,0.0,0,Dimensity,8,2.4,8.0,256,7000,1,60,50,50,Android,6.81,144
Realme,21999,81.0,1,0.0,1,Dimensity,8,3.35,8.0,128,6000,1,80,50,16,Android,6.83,120
Realme,13890,82.0,1,0.0,0,Dimensity,8,2.5,8.0,128,6000,1,45,50,8,Android,6.72,120
Google,56850,87.0,1,1.0,0,Tensor,8,3.1,12.0,256,4700,1,27,50,11,Android,6.3,120
Motorola,23530,85.0,1,0.0,0,Dimensity,8,2.5,12.0,256,5500,1,68,50,32,Android,6.7,120
Realme,10199,82.0,1,0.0,0,Dimensity,8,2.4,4.0,128,6000,1,15,32,8,Android,6.67,120
Motorola,18159,80.0,1,0.0,0,Snapdragon,8,2.4,8.0,256,5500,1,33,50,32,Android,6.67,144
Xiaomi,28999,88.0,1,1.0,1,Snapdragon,8,3.0,12.0,512,4700,1,67,50,32,Android,6.55,120
Nothing,25692,84.0,1,1.0,0,Snapdragon,8,2.5,8.0,128,5000,1,50,50,50,Android,6.77,120
Vivo,34900,86.0,1,0.0,0,Dimensity,8,3.1,12.0,512,5000,1,80,50,50,Android,6.78,120
Samsung,21999,85.02,1,1.0,0,Exynos,8,2.4,8.0,256,5000,1,25,50,13,Android,6.7,120
Apple,109999,89.0,1,1.0,0,Bionic,6,4.05,8.0,256,4685,1,20,48,12,iOS,6.9,120
Iqoo,19498,80.0,1,0.0,0,Dimensity,8,2.6,8.0,128,5700,1,44,50,32,Android,6.77,120
Motorola,11990,83.0,1,0.0,0,Snapdragon,8,2.3,8.0,128,5000,1,20,50,16,Android,6.5,120
Oppo,25999,82.0,1,0.0,1,Dimensity,8,2.5,8.0,256,5000,1,80,50,32,Android,6.7,120
Poco,31999,83.0,1,1.0,1,Snapdragon,8,3.2,12.0,256,7550,1,90,50,20,Android,6.83,120
Oneplus,19389,81.0,1,0.0,1,Snapdragon,8,2.63,8.0,128,5500,1,100,50,16,Android,6.7,120
Realme,20999,82.0,1,0.0,1,Dimensity,8,2.5,8.0,128,7000,1,60,50,50,Android,6.57,120
Oppo,24999,80.0,1,0.0,1,Dimensity,8,3.25,8.0,128,7000,1,80,50,16,Android,6.8,120
Realme,24999,81.0,1,0.0,1,Dimensity,8,3.35,8.0,256,6000,1,80,50,16,Android,6.83,120
Vivo,35999,85.0,1,1.0,0,Dimensity,8,3.25,8.0,256,5500,1,90,50,32,Android,6.67,120
Samsung,26399,81.0,1,1.0,0,Snapdragon,8,2.4,8.0,128,5000,1,45,50,12,Android,6.7,120
Realme,21499,80.0,1,0.0,1,Dimensity,8,2.6,8.0,256,7000,1,80,50,16,Android,6.77,144
Iqoo,54998,89.0,1,1.0,1,Snapdragon,8,4.32,12.0,256,6000,1,120,50,32,Android,6.82,144
Xiaomi,20599,81.0,1,1.0,1,Dimensity,8,2.5,8.0,128,5500,1,45,50,20,Android,6.67,120
Oneplus,63999,91.0,1,1.0,1,Snapdragon,8,4.32,12.0,256,6000,1,100,50,32,Android,6.82,120
Vivo,30999,83.0,1,0.0,1,Snapdragon,8,2.8,8.0,256,6500,1,90,50,32,Android,6.77,120
Realme,12998,82.0,1,0.0,0,Dimensity,8,2.5,8.0,128,6000,1,45,50,8,Android,6.72,120
Samsung,35999,83.0,1,1.0,0,Exynos,8,2.9,8.0,128,5000,1,45,50,12,Android,6.7,120
Realme,36998,88.0,1,1.0,1,Dimensity,8,3.4,8.0,256,7000,1,120,50,32,Android,6.78,120
Samsung,70999,87.0,1,1.0,0,Snapdragon,8,3.3,8.0,256,4000,1,25,50,12,Android,6.2,120
Vivo,14999,2.6,1,0.0,0,Dimensity,8,2.6,4.0,128,6500,1,44,50,8,Android,6.68,120
Oppo,19340,84.0,1,0.0,1,Snapdragon,8,2.3,8.0,256,7000,1,80,50,16,Android,6.67,120
Poco,10199,81.0,1,0.0,1,Snapdragon,8,2.3,8.0,128,5030,1,33,108,13,Android,6.79,120
Poco,12489,82.0,1,0.0,1,Dimensity,8,2.5,6.0,128,5110,1,45,50,20,Android,6.67,120
Motorola,18018,83.0,1,1.0,0,Snapdragon,8,2.4,8.0,128,5000,1,68,50,32,Android,6.67,144
Cmf,18420,84.0,1,0.0,0,Dimensity,8,2.5,8.0,256,5000,1,33,50,16,Android,6.77,120
Infinix,15999,85.0,1,0.0,1,Dimensity,8,2.5,8.0,128,5500,1,45,64,13,Android,6.78,144
Oneplus,28997,84.0,1,0.0,1,Dimensity,8,3.35,12.0,256,7100,1,80,50,16,Android,6.77,120
Vivo,24998,83.0,1,0.0,1,Dimensity,8,2.5,8.0,128,5500,1,90,50,32,Android,6.77,120
Iqoo,26998,81.0,1,0.0,1,Snapdragon,8,3.0,8.0,256,6400,1,80,50,32,Android,6.78,144
Samsung,8999,85.0,1,0.0,0,Dimensity,8,2.4,6.0,128,5000,1,25,50,8,Android,6.74,90
Realme,23999,2.6,1,0.0,0,Dimensity,8,2.6,8.0,128,7000,1,80,50,50,Android,6.8,144
Ai+,7999,2.6,1,0.0,0,Unisoc,8,2.6,6.0,128,5000,1,18,50,5,Android,6.75,120
Motorola,15990,80.0,1,0.0,0,Snapdragon,8,2.3,8.0,128,5000,1,33,50,32,Android,6.67,120
Oppo,12997,84.0,1,0.0,0,Dimensity,8,2.4,8.0,128,6000,1,45,50,8,Android,6.67,120
Xiaomi,16998,84.0,1,0.0,1,Snapdragon,8,2.3,8.0,256,7000,1,33,50,8,Android,6.9,144
Motorola,18999,85.0,1,1.0,0,Dimensity,8,2.5,8.0,256,4310,1,68,50,32,Android,6.4,120
Xiaomi,25696,83.0,1,1.0,1,Snapdragon,8,2.5,8.0,128,6200,1,90,50,20,Android,6.67,120
Iqoo,15998,81.5,1,0.0,1,Dimensity,8,2.5,8.0,256,6500,1,44,50,8,Android,6.72,120
Xiaomi,7499,84.0,1,0.0,0,Snapdragon,8,2.0,4.0,64,5160,1,18,50,5,Android,6.88,120
Xiaomi,16498,82.0,1,1.0,1,Dimensity,8,2.5,6.0,128,5110,1,45,50,20,Android,6.67,120
Oppo,39999,87.0,1,0.0,1,Dimensity,8,3.35,8.0,256,6000,1,80,50,50,Android,6.59,120
Poco,13999,82.0,1,0.0,1,Snapdragon,8,2.3,8.0,128,7000,1,33,50,8,Android,6.9,144
Vivo,38999,87.0,1,1.0,1,Snapdragon,8,2.8,8.0,256,6500,1,90,50,50,Android,6.77,120
Ai+,4999,2.6,0,0.0,0,Unisoc,8,1.8,4.0,64,5000,1,10,50,5,Android,6.75,90
Motorola,31499,81.0,1,1.0,0,Dimensity,8,3.35,12.0,256,6000,1,90,50,50,Android,6.7,120
Vivo,22999,80.0,1,0.0,1,Snapdragon,8,2.5,8.0,256,7300,1,90,50,32,Android,6.77,120
Vivo,14499,83.0,1,0.0,1,Dimensity,8,2.5,8.0,128,6500,1,44,50,8,Android,6.72,120
Vivo,21998,83.0,1,0.0,0,Snapdragon,8,2.2,8.0,128,6000,1,90,50,32,Android,6.67,120
Samsung,6999,85.0,0,0.0,0,Helio,8,2.2,4.0,64,5000,1,25,50,8,Android,6.7,60
Apple,68999,85.0,1,1.0,0,Bionic,6,4.04,8.0,256,3561,1,20,48,12,iOS,6.1,60
Poco,20999,83.0,1,1.0,1,Snapdragon,8,3.0,12.0,256,5000,1,90,50,20,Android,6.67,120
Oppo,20168,84.0,1,0.0,0,Dimensity,8,2.6,8.0,256,5000,1,67,64,8,Android,6.7,120
Apple,134900,82.0,1,1.0,0,Bionic,6,2.6,12.0,256,3988,1,20,48,18,iOS,6.3,120
Google,33499,84.0,1,1.0,0,Tensor,9,3.0,8.0,128,4492,1,20,64,13,Android,6.1,120
Realme,17999,80.0,1,0.0,0,Dimensity,8,2.4,8.0,128,7000,1,60,50,50,Android,6.81,144
Vivo,94999,95.0,1,1.0,1,Dimensity,8,3.63,16.0,512,6000,1,90,200,32,Android,6.78,120
Motorola,13949,82.0,1,0.0,0,Dimensity,8,2.5,8.0,128,6000,1,33,50,16,Android,6.5,120
Samsung,11749,85.02,1,1.0,0,Dimensity,8,2.4,6.0,128,5000,1,25,50,13,Android,6.7,90
Realme,22499,81.0,1,0.0,0,Snapdragon,8,2.5,12.0,256,6000,1,80,50,16,Android,6.83,120
Samsung,21500,83.0,1,1.0,0,Exynos,8,2.4,8.0,256,5000,1,25,50,13,Android,6.6,120
Oppo,32999,82.0,1,0.0,0,Snapdragon,8,2.63,8.0,256,7000,1,80,50,32,Android,6.8,120
Iqoo,33998,85.0,1,1.0,1,Snapdragon,8,3.2,12.0,256,7000,1,120,50,32,Android,6.78,144
Iqoo,9998,81.5,1,0.0,0,Dimensity,8,2.4,4.0,128,6000,1,15,50,5,Android,6.74,90
Realme,16398,82.0,1,1.0,0,Snapdragon,8,2.3,6.0,128,6000,1,45,50,16,Android,6.67,120
Oneplus,37998,86.0,1,1.0,1,Snapdragon,8,3.0,12.0,512,6800,1,80,50,50,Android,6.83,144
Oppo,36900,89.0,1,1.0,1,Dimensity,8,3.35,12.0,512,5800,1,80,50,50,Android,6.83,120
Samsung,8999,85.0,1,0.0,0,Dimensity,8,2.4,4.0,64,5000,1,25,50,8,Android,6.7,60
Lava,12999,41.3,1,0.0,0,Dimensity,8,2.5,6.0,128,5000,1,33,64,13,Android,6.67,120
Samsung,25999,85.0,1,1.0,0,Exynos,8,2.7,8.0,256,5000,1,25,50,32,Android,6.6,120
Xiaomi,19999,84.0,1,0.0,1,Snapdragon,8,3.2,6.0,128,4520,1,33,48,20,Android,6.67,120
Realme,10499,82.0,1,0.0,0,Dimensity,8,2.4,6.0,128,6000,1,15,32,8,Android,6.67,120
Nothing,24099,84.0,1,1.0,0,Snapdragon,8,2.5,8.0,256,5000,1,50,50,32,Android,6.77,120
Vivo,26999,81.0,1,0.0,0,Dimensity,8,2.5,8.0,128,5600,1,90,50,50,Android,6.77,120
Samsung,85999,93.0,1,1.0,0,Snapdragon,8,3.3,12.0,512,5000,1,45,200,12,Android,6.8,120
Google,44538,84.0,1,1.0,0,Tensor,8,3.1,8.0,256,5100,1,23,48,13,Android,6.3,120
Oneplus,23999,83.0,1,1.0,1,Snapdragon,8,2.8,8.0,128,5500,1,100,50,16,Android,6.74,120
Realme,10499,82.0,1,1.0,0,Dimensity,8,2.4,4.0,128,6000,1,45,32,8,Android,6.67,120
Realme,26999,2.6,1,0.0,1,Snapdragon,8,2.6,8.0,256,7000,1,80,50,50,Android,6.8,144
Realme,19499,82.0,1,0.0,1,Dimensity,8,2.6,8.0,128,7000,1,80,50,16,Android,6.77,144
Poco,9649,82.0,1,0.0,0,Snapdragon,8,2.2,8.0,128,5160,1,18,50,8,Android,6.88,120
Motorola,16899,87.0,1,1.0,0,Dimensity,8,2.4,8.0,128,5000,1,30,108,32,Android,6.67,90
Poco,14499,80.0,1,0.0,1,Dimensity,8,2.5,8.0,256,5110,1,45,50,20,Android,6.67,120
Apple,99999,88.0,1,1.0,0,Bionic,6,4.05,8.0,256,3582,1,20,48,12,iOS,6.3,120
Motorola,19999,85.0,1,1.0,0,Snapdragon,8,2.5,8.0,256,5000,1,68,50,32,Android,6.67,120
Vivo,10999,83.0,1,0.0,0,Dimensity,8,2.4,6.0,128,6000,1,15,50,5,Android,6.74,90
Oneplus,43999,88.0,1,1.0,1,Snapdragon,8,3.3,16.0,512,6000,1,80,50,16,Android,6.78,120
Google,69390,8.0,1,1.0,0,Tensor,8,3.48,12.0,256,4970,1,30,48,11,Android,6.3,120
Vivo,40999,87.0,1,1.0,1,Snapdragon,8,2.8,12.0,256,6500,1,90,50,50,Android,6.77,120
Samsung,18999,82.0,1,1.0,0,Exynos,8,2.4,8.0,128,5000,1,25,50,13,Android,6.7,120
Poco,11290,82.0,1,0.0,1,Snapdragon,8,2.3,4.0,128,7000,1,33,50,8,Android,6.9,144
Realme,29999,83.0,1,0.0,0,Snapdragon,8,2.5,8.0,128,6000,1,80,50,32,Android,6.83,120
Samsung,14499,85.02,1,1.0,0,Exynos,8,2.4,4.0,128,5000,1,25,50,13,Android,6.7,90
Apple,43900,83.0,1,1.0,0,Bionic,6,3.22,4.0,128,3240,1,20,12,12,iOS,6.1,60
Realme,6599,82.0,0,0.0,0,Unisoc,8,1.8,4.0,128,6300,1,15,13,5,Android,6.74,90
Infinix,15999,84.0,1,1.0,0,Dimensity,8,2.4,12.0,256,5000,1,18,108,8,Android,6.78,120
Realme,44999,88.0,1,1.0,1,Snapdragon,8,4.32,12.0,256,5800,1,120,50,16,Android,6.78,120
Google,29999,86.0,1,1.0,0,Tensor,8,2.8,12.0,128,5003,1,30,50,11,Android,6.71,120
Iqoo,31998,84.0,1,1.0,1,Snapdragon,8,3.2,8.0,256,7000,1,120,50,32,Android,6.78,144
Infinix,24294,86.0,1,1.0,1,Dimensity,8,3.35,8.0,256,5500,1,45,108,13,Android,6.78,144
Samsung,15499,85.0,1,0.0,0,Exynos,8,2.4,8.0,128,5000,1,25,50,13,Android,6.7,120
Vivo,59998,90.0,1,1.0,1,Dimensity,8,3.25,16.0,512,6500,1,90,50,50,Android,6.31,120
Poco,33999,84.0,1,1.0,1,Snapdragon,8,3.2,12.0,512,7550,1,90,50,20,Android,6.83,120
Vivo,24999,81.0,1,0.0,1,Snapdragon,8,2.5,12.0,256,7300,1,90,50,32,Android,6.77,120
Oppo,32999,85.0,1,1.0,1,Dimensity,8,3.35,8.0,256,5600,1,80,50,50,Android,6.59,120
Poco,24499,84.0,1,1.0,1,Dimensity,8,3.25,12.0,256,6550,1,90,50,20,Android,6.67,120
Poco,7499,82.0,1,0.0,0,Snapdragon,8,2.0,4.0,64,5160,1,18,50,5,Android,6.88,120
Vivo,36999,87.0,1,0.0,0,Dimensity,8,3.35,8.0,256,5500,1,80,50,50,Android,6.78,120
Apple,76590,82.0,1,1.0,0,Bionic,6,4.04,8.0,128,4674,1,20,48,12,iOS,6.7,60
Tecno,19999,84.0,1,0.0,1,Dimensity,8,2.5,8.0,128,5160,1,45,50,13,Android,6.78,144
Oppo,24999,84.0,1,0.0,1,Dimensity,8,2.4,8.0,256,7000,1,80,50,16,Android,6.57,120
Oneplus,34998,85.0,1,1.0,1,Snapdragon,8,3.0,12.0,256,6800,1,80,50,50,Android,6.83,144
Vivo,20999,2.6,1,0.0,1,Dimensity,8,2.6,8.0,256,6500,1,44,50,8,Android,6.72,120
Samsung,17499,80.0,1,0.0,0,Exynos,8,2.4,8.0,256,5000,1,25,50,13,Android,6.7,120
Oppo,39998,87.0,1,0.0,1,Dimensity,8,3.35,12.0,256,6000,1,80,50,50,Android,6.59,120
Samsung,10026,85.0,1,0.0,0,Dimensity,8,2.4,6.0,128,5000,1,25,50,8,Android,6.7,90
Vivo,33999,84.0,1,0.0,0,Snapdragon,8,2.63,8.0,256,6000,1,90,50,50,Android,6.77,120
Samsung,9990,85.0,1,0.0,0,Dimensity,8,2.4,6.0,128,5000,1,25,50,8,Android,6.7,60
Infinix,11499,85.0,1,0.0,1,Dimensity,8,2.5,6.0,128,5500,1,45,50,8,Android,6.67,120
Realme,17999,80.0,1,0.0,0,Dimensity,8,2.6,8.0,128,6000,1,80,50,16,Android,6.72,120
Apple,58499,82.0,1,1.0,0,Bionic,6,3.46,6.0,256,3349,1,20,48,12,iOS,6.1,60
Motorola,11555,82.0,0,1.0,0,Snapdragon,8,2.3,6.0,128,6000,1,20,108,32,Android,6.78,120
Realme,31999,85.0,1,0.0,0,Snapdragon,8,2.8,8.0,256,7000,1,80,50,50,Android,6.8,144
Vivo,12999,83.0,1,0.0,0,Dimensity,8,2.4,8.0,128,6000,1,15,50,5,Android,6.74,90
Xiaomi,18499,85.0,1,1.0,1,Dimensity,8,2.5,8.0,256,5110,1,45,50,20,Android,6.67,120
Tecno,12999,84.0,1,1.0,1,Dimensity,8,2.5,8.0,128,6000,1,45,50,13,Android,6.78,144
Hmd,8999,80.0,1,0.0,0,Unisoc,8,2.2,6.0,128,5000,1,33,50,50,Android,6.67,90
Nothing,24999,83.0,1,1.0,0,Dimensity,8,2.8,8.0,128,5000,1,45,50,32,Android,6.7,120
Xiaomi,70999,90.0,1,1.0,1,Snapdragon,8,4.32,12.0,512,5240,1,90,50,32,Android,6.36,120
Lava,6999,41.3,1,0.0,0,Unisoc,8,2.3,4.0,64,5000,1,10,13,5,Android,6.75,60
Vivo,31999,84.0,1,0.0,1,Snapdragon,8,2.8,12.0,256,6500,1,90,50,32,Android,6.77,120
Honor,20998,82.0,1,1.0,1,Snapdragon,8,2.2,8.0,256,6600,1,66,108,16,Android,6.78,60
Samsung,174999,95.0,1,1.0,0,Snapdragon,8,4.47,12.0,256,4400,1,25,200,10,Android,8.0,120
Oppo,23999,84.0,1,0.0,0,Dimensity,8,2.5,8.0,128,6000,1,80,50,16,Android,6.7,120
Realme,27999,85.0,1,1.0,1,Snapdragon,8,3.0,8.0,256,5500,1,120,50,32,Android,6.78,120
Poco,6799,82.0,0,0.0,0,Unisoc,8,1.8,6.0,128,5200,1,15,32,8,Android,6.88,120
Iqoo,28998,82.0,1,0.0,1,Snapdragon,8,3.0,12.0,256,6400,1,80,50,32,Android,6.78,144
Nothing,27900,85.0,1,1.0,0,Snapdragon,8,2.5,8.0,256,5000,1,50,50,50,Android,6.77,120
Samsung,114699,93.0,1,1.0,0,Snapdragon,8,4.47,12.0,512,5000,1,45,200,12,Android,6.9,120
Iqoo,59998,90.0,1,1.0,1,Snapdragon,8,4.32,16.0,512,6000,1,120,50,32,Android,6.82,144
Oneplus,81999,93.0,1,1.0,1,Snapdragon,8,4.32,24.0,1024,6000,1,100,50,32,Android,6.82,120
Xiaomi,11185,84.0,1,0.0,1,Snapdragon,8,2.3,6.0,128,5030,1,33,108,13,Android,6.79,120
Vivo,21499,81.0,1,0.0,0,Dimensity,8,2.6,8.0,256,5700,1,44,50,32,Android,6.77,120
Samsung,65999,86.0,1,1.0,0,Exynos,10,3.2,8.0,256,4900,1,45,50,12,Android,6.7,120
Samsung,65999,87.0,1,1.0,0,Exynos,10,3.2,8.0,512,4900,1,45,50,12,Android,6.7,120
Iqoo,12998,81.5,1,0.0,0,Dimensity,8,2.4,8.0,256,6000,1,15,50,5,Android,6.74,90
Oppo,10430,84.0,1,0.0,0,Dimensity,8,2.4,4.0,128,6000,1,45,32,5,Android,6.67,120
Google,109999,83.0,1,1.0,0,Tensor,8,3.48,16.0,256,4870,1,30,50,42,Android,6.3,120
Vivo,65999,89.0,1,1.0,1,Dimensity,8,3.63,12.0,256,5800,1,90,50,32,Android,6.67,120
Motorola,16370,83.0,1,0.0,0,Dimensity,8,2.5,12.0,256,6000,1,33,50,16,Android,6.5,120
Samsung,28999,86.0,1,1.0,0,Exynos,8,2.7,12.0,256,5000,1,25,50,32,Android,6.6,120
Apple,66390,82.0,1,1.0,0,Bionic,6,3.46,6.0,128,4383,1,20,48,12,iOS,6.7,60
Apple,44999,83.0,1,1.0,0,Bionic,6,3.22,6.0,128,3279,1,20,12,12,iOS,6.1,60
Infinix,14999,85.0,1,0.0,1,Dimensity,8,2.5,6.0,128,5500,1,45,64,13,Android,6.78,144
Iqoo,22998,80.0,1,0.0,1,Snapdragon,8,2.5,8.0,256,7300,1,90,50,32,Android,6.77,120
Samsung,23999,85.0,1,0.0,0,Exynos,8,2.7,8.0,128,5000,1,45,50,12,Android,6.74,120
Samsung,14499,85.02,1,1.0,0,Exynos,8,2.4,6.0,128,6000,1,25,50,13,Android,6.6,120
Samsung,7499,85.0,1,0.0,0,Dimensity,8,2.4,4.0,64,5000,1,25,50,8,Android,6.74,90
Realme,24999,82.0,1,0.0,1,Dimensity,8,3.35,12.0,256,6000,1,80,50,16,Android,6.83,120
Motorola,10890,83.0,1,0.0,0,Snapdragon,8,2.3,4.0,128,5000,1,20,50,16,Android,6.5,120
Oppo,54998,91.0,1,1.0,1,Dimensity,8,3.25,12.0,512,6200,1,80,50,50,Android,6.83,120
Apple,119900,2.6,1,1.0,0,Bionic,6,2.6,8.0,256,3149,1,20,48,18,iOS,6.5,60
Realme,6999,78.85,0,0.0,0,Unisoc,8,1.8,4.0,64,5000,1,18,32,5,Android,6.74,90
Xiaomi,14499,84.0,1,0.0,1,Dimensity,8,2.4,6.0,128,5000,1,33,108,16,Android,6.67,120
Xiaomi,24046,81.0,1,0.0,1,Snapdragon,8,2.4,8.0,128,5100,1,67,200,16,Android,6.67,120
Samsung,22299,81.0,1,1.0,0,Exynos,8,2.4,8.0,256,5000,1,25,50,13,Android,6.7,90
Iqoo,14498,81.5,1,0.0,1,Dimensity,8,2.5,8.0,128,6500,1,44,50,8,Android,6.72,120
Apple,52990,83.0,1,1.0,0,Bionic,6,4.04,8.0,128,4005,1,20,48,12,iOS,6.1,60
Vivo,49999,88.0,1,0.0,0,Dimensity,8,3.35,12.0,512,5500,1,80,50,50,Android,6.78,120
Xiaomi,36999,88.0,1,1.0,1,Snapdragon,8,3.0,12.0,512,4700,1,67,50,32,Android,6.55,120
Xiaomi,8998,84.0,1,0.0,0,Snapdragon,8,2.2,4.0,64,5160,1,18,50,8,Android,6.88,120
Motorola,20969,84.0,1,1.0,0,Snapdragon,8,2.4,12.0,256,5000,1,68,50,32,Android,6.67,144
Samsung,24500,86.0,1,1.0,0,Snapdragon,8,2.4,12.0,256,5000,1,45,50,50,Android,6.67,120
Motorola,44999,90.0,1,1.0,0,Snapdragon,8,3.0,12.0,512,4500,1,125,64,50,Android,6.7,144
Samsung,59999,87.0,1,1.0,0,Exynos,10,3.2,12.0,256,4900,1,45,50,12,Android,6.7,120
Poco,19999,82.0,1,1.0,1,Dimensity,8,3.35,8.0,256,5000,1,67,64,16,Android,6.67,120
Vivo,16499,2.6,1,0.0,0,Dimensity,8,2.6,6.0,128,6500,1,44,50,8,Android,6.68,120
Apple,189900,83.0,1,1.0,0,Bionic,6,2.6,12.0,1024,4832,1,20,48,18,iOS,6.9,120
Oppo,28999,81.0,1,0.0,0,Dimensity,8,2.5,8.0,256,7000,1,80,50,32,Android,6.57,120
Oppo,42999,88.0,1,0.0,1,Dimensity,8,3.35,12.0,512,6000,1,80,50,50,Android,6.59,120
Tecno,18999,80.0,1,1.0,1,Dimensity,8,2.5,8.0,256,5500,1,45,64,13,Android,6.78,144
Poco,17999,82.0,1,1.0,1,Dimensity,8,2.5,8.0,256,5500,1,45,50,20,Android,6.67,120
Realme,30998,85.0,1,1.0,1,Dimensity,8,3.25,8.0,256,7000,1,120,50,32,Android,6.8,120
Xiaomi,31699,85.0,1,1.0,1,Snapdragon,8,2.5,12.0,512,6200,1,90,50,20,Android,6.67,120
Realme,13440,82.0,1,0.0,0,Dimensity,8,2.4,6.0,128,6000,1,45,50,8,Android,6.67,120
Oppo,17998,84.0,1,0.0,0,Dimensity,8,2.4,8.0,128,5800,1,45,50,8,Android,6.67,120
Google,124999,84.0,1,1.0,0,Tensor,8,3.48,16.0,256,5200,1,45,50,42,Android,6.8,120
Motorola,18679,82.0,1,0.0,0,Snapdragon,8,2.3,12.0,256,5000,1,33,50,32,Android,6.67,120
Samsung,20900,83.0,1,1.0,0,Snapdragon,8,2.4,8.0,128,5000,1,45,50,50,Android,6.7,120
Realme,11998,82.0,1,0.0,0,Dimensity,8,2.5,6.0,128,6000,1,45,50,8,Android,6.72,120
Samsung,6249,85.0,0,0.0,0,Helio,8,2.0,4.0,64,5000,1,25,50,8,Android,6.7,60
Lava,16999,81.0,1,0.0,0,Dimensity,8,2.5,8.0,128,5000,1,66,50,16,Android,6.78,120
Poco,13999,82.0,1,0.0,1,Snapdragon,8,2.3,8.0,128,7000,1,33,50,8,Android,6.9,144
Oppo,26999,81.0,1,0.0,1,Dimensity,8,3.25,8.0,256,7000,1,80,50,16,Android,6.8,120
Samsung,216999,97.0,1,1.0,0,Snapdragon,8,4.47,16.0,1024,4400,1,25,200,10,Android,8.0,120
Nothing,61155,91.0,1,1.0,0,Snapdragon,8,3.2,16.0,512,5500,1,65,50,50,Android,6.67,120
Oneplus,55999,88.0,1,1.0,1,Snapdragon,8,4.32,12.0,512,5850,1,80,50,32,Android,6.32,120
Iqoo,38998,87.0,1,1.0,1,Snapdragon,8,3.2,16.0,512,7000,1,120,50,32,Android,6.78,144
Vivo,28999,82.0,1,0.0,0,Dimensity,8,2.5,8.0,256,5600,1,90,50,50,Android,6.77,120
Samsung,28699,82.0,1,1.0,0,Snapdragon,8,2.4,8.0,256,5000,1,45,50,12,Android,6.7,120
Xiaomi,16998,84.0,1,1.0,1,Dimensity,8,2.5,8.0,128,5110,1,45,50,20,Android,6.67,120
Realme,22999,82.0,1,0.0,1,Dimensity,8,2.5,8.0,256,7000,1,60,50,50,Android,6.57,120
Nothing,21000,84.0,1,1.0,0,Dimensity,8,3.0,8.0,256,5000,1,50,50,50,Android,6.7,120
Vivo,34999,83.0,1,0.0,0,Snapdragon,8,2.63,8.0,128,5500,1,80,50,50,Android,6.78,120
Motorola,25299,86.0,1,1.0,0,Snapdragon,8,2.63,12.0,256,4500,1,125,50,50,Android,6.7,144
Samsung,44270,86.0,1,1.0,0,Exynos,10,3.2,8.0,128,4000,1,25,50,12,Android,6.2,120
Oneplus,39994,83.0,1,1.0,1,Snapdragon,8,3.2,8.0,128,5500,1,100,50,16,Android,6.78,120
Samsung,15660,80.0,1,1.0,0,Dimensity,8,2.4,8.0,128,5000,1,25,50,13,Android,6.7,90
Oneplus,57999,90.0,1,1.0,1,Snapdragon,8,3.3,12.0,256,5400,1,100,64,32,Android,6.82,120
Motorola,11999,81.0,1,0.0,0,Snapdragon,8,2.2,8.0,128,5000,1,20,50,16,Android,6.55,120
Xiaomi,15998,84.0,1,0.0,1,Snapdragon,8,2.3,8.0,128,7000,1,33,50,8,Android,6.9,144
Vivo,18999,2.6,1,0.0,1,Dimensity,8,2.6,8.0,128,6500,1,44,50,8,Android,6.72,120
Realme,34199,78.85,1,0.0,0,Snapdragon,8,2.8,12.0,256,7000,1,80,50,50,Android,6.8,144
Iqoo,21164,82.0,1,0.0,0,Dimensity,8,2.6,12.0,256,5700,1,44,50,32,Android,6.77,120
Xiaomi,8999,84.0,1,0.0,0,Snapdragon,8,2.0,6.0,128,5160,1,18,50,5,Android,6.88,120
Oppo,30999,82.0,1,0.0,0,Dimensity,8,2.5,12.0,256,7000,1,80,50,32,Android,6.57,120
Lava,9999,41.3,1,0.0,0,Dimensity,8,2.6,6.0,128,5000,1,18,50,8,Android,6.75,120
Lava,10999,41.3,1,0.0,0,Dimensity,8,2.4,4.0,128,5000,1,33,64,16,Android,6.67,120
Oneplus,70999,92.0,1,1.0,1,Snapdragon,8,4.32,16.0,512,6000,1,100,50,32,Android,6.82,120
Motorola,43500,89.0,1,1.0,0,Dimensity,8,2.6,8.0,256,4500,1,30,50,32,Android,6.9,120
Oppo,39999,89.0,1,1.0,1,Dimensity,8,3.35,12.0,256,5800,1,80,50,50,Android,6.83,120
Tecno,17499,84.0,1,1.0,1,Dimensity,8,2.5,8.0,128,6000,1,45,64,13,Android,6.78,144
Realme,24400,84.0,1,0.0,0,Snapdragon,8,2.4,8.0,256,5200,1,80,50,32,Android,6.7,120
Google,37999,87.0,1,1.0,0,Tensor,8,2.85,12.0,128,5000,1,30,50,11,Android,6.7,120
Realme,28999,2.6,1,0.0,1,Snapdragon,8,2.6,12.0,256,7000,1,80,50,50,Android,6.8,144
Infinix,9499,85.0,1,0.0,1,Dimensity,8,2.5,4.0,128,6000,1,45,50,5,Android,6.75,120
Apple,229900,84.0,1,1.0,0,Bionic,6,2.6,12.0,2,4832,1,20,48,18,iOS,6.9,120
Nothing,30978,86.0,1,1.0,0,Snapdragon,8,2.5,12.0,256,5000,1,50,50,50,Android,6.77,120
Realme,26999,84.0,1,0.0,0,Snapdragon,8,2.5,8.0,256,6000,1,80,50,32,Android,6.83,120
Oneplus,26999,83.0,1,1.0,1,Snapdragon,8,2.8,8.0,256,5500,1,100,50,16,Android,6.74,120
Samsung,8649,85.0,1,0.0,0,Dimensity,8,2.4,4.0,128,5000,1,25,50,8,Android,6.7,60
Samsung,89999,87.0,1,1.0,0,Snapdragon,8,4.47,12.0,256,4900,1,45,50,12,Android,6.7,120
Samsung,48999,85.0,1,1.0,0,Snapdragon,8,3.36,8.0,128,3900,1,25,50,12,Android,6.1,120
Samsung,74999,91.0,1,1.0,0,Snapdragon,8,3.36,12.0,256,5000,1,45,200,12,Android,6.8,120
Samsung,68999,92.0,1,1.0,0,Snapdragon,8,3.0,12.0,256,5000,1,45,108,40,Android,6.8,120
Samsung,15999,85.0,1,1.0,0,Exynos,8,2.4,6.0,128,5000,1,25,50,13,Android,6.7,90
Infinix,26354,87.0,1,1.0,1,Dimensity,8,3.35,12.0,256,5500,1,45,108,13,Android,6.78,144
Realme,39998,89.0,1,1.0,1,Dimensity,8,3.4,12.0,256,7000,1,120,50,32,Android,6.78,120
Infinix,17999,85.0,1,0.0,1,Dimensity,8,2.5,8.0,256,5500,1,45,64,13,Android,6.78,144
Poco,6199,82.0,0,0.0,0,Unisoc,8,1.8,4.0,64,5200,1,15,32,8,Android,6.88,120
Samsung,13999,85.0,1,1.0,0,Dimensity,8,2.4,6.0,128,5000,1,25,50,13,Android,6.7,90
Samsung,37899,84.0,1,1.0,0,Exynos,8,2.9,12.0,256,5000,1,45,50,12,Android,6.7,120
Oppo,15498,84.0,1,1.0,0,Dimensity,8,2.4,6.0,128,6000,1,45,50,8,Android,6.67,120
Vivo,13999,83.0,1,0.0,0,Dimensity,8,2.4,4.0,128,5500,1,44,50,8,Android,6.68,120
Motorola,7349,83.0,0,1.0,0,Helio,8,2.0,4.0,64,5200,1,18,50,8,Android,6.67,90
Samsung,19799,83.0,1,1.0,0,Snapdragon,8,2.4,8.0,128,5000,1,45,50,50,Android,6.7,120
Tecno,26999,87.0,1,1.0,1,Dimensity,8,3.1,12.0,512,5000,1,70,50,50,Android,6.77,120
Samsung,24990,87.0,1,1.0,0,Exynos,8,2.4,8.0,128,5000,1,25,64,32,Android,6.5,120
Google,24999,2.6,1,1.0,0,Tensor,8,2.6,6.0,128,4410,1,20,12,8,Android,6.14,60
Samsung,26999,84.0,1,1.0,0,Exynos,8,2.9,8.0,128,4500,1,25,12,32,Android,6.4,120
Lava,14499,80.0,1,0.0,0,Dimensity,8,2.5,8.0,128,5000,1,33,64,13,Android,6.67,120
Samsung,19949,81.0,1,1.0,0,Exynos,8,2.4,8.0,128,5000,1,25,50,13,Android,6.7,90
Vivo,45999,89.0,1,1.0,1,Snapdragon,8,2.8,16.0,512,6500,1,90,50,50,Android,6.77,120
Vivo,23998,83.0,1,0.0,0,Snapdragon,8,2.2,8.0,256,6000,1,90,50,32,Android,6.67,120
Iqoo,21498,81.0,1,0.0,0,Dimensity,8,2.6,8.0,256,5700,1,44,50,32,Android,6.77,120
Ai+,6999,2.6,0,0.0,0,Unisoc,8,1.8,6.0,128,5000,1,10,50,5,Android,6.75,90
Ai+,9499,2.6,1,0.0,0,Unisoc,8,2.6,8.0,128,5000,1,18,50,5,Android,6.75,120
Apple,169900,83.0,1,1.0,0,Bionic,6,2.6,12.0,512,4832,1,20,48,18,iOS,6.9,120
Apple,102900,2.6,1,1.0,0,Bionic,6,2.6,8.0,512,3692,1,40,48,18,iOS,6.3,120
Vivo,11499,83.0,1,0.0,0,Dimensity,8,2.4,4.0,128,5500,1,15,13,5,Android,6.74,90
Iqoo,24998,81.0,1,0.0,1,Snapdragon,8,2.5,12.0,256,7300,1,90,50,32,Android,6.77,120
Xiaomi,6240,84.0,0,0.0,0,Unisoc,8,1.8,3.0,64,5200,1,15,32,8,Android,6.88,120
Samsung,159499,94.0,1,1.0,0,Snapdragon,8,4.47,12.0,1024,5000,1,45,200,12,Android,6.9,120
Samsung,8788,85.0,1,0.0,0,Dimensity,8,2.4,4.0,64,5000,1,25,50,8,Android,6.7,90
Tecno,7799,84.0,1,1.0,1,Dimensity,8,2.4,4.0,64,5000,1,18,48,8,Android,6.67,120
Vivo,16899,83.0,1,0.0,0,Snapdragon,8,2.2,8.0,128,6500,1,44,50,8,Android,6.68,120
Tecno,9999,84.0,1,1.0,1,Dimensity,8,2.4,6.0,128,5000,1,18,108,8,Android,6.67,120
Oppo,21999,84.0,1,0.0,0,Snapdragon,8,2.2,8.0,128,6500,1,45,50,16,Android,6.7,120
Iqoo,19999,81.0,1,0.0,0,Dimensity,8,2.5,8.0,128,5500,1,44,50,16,Android,6.77,120
Realme,32999,88.0,1,1.0,1,Snapdragon,8,3.0,16.0,512,5500,1,120,50,32,Android,6.78,120
Realme,28999,87.0,1,1.0,1,Snapdragon,8,3.0,12.0,256,5500,1,120,50,32,Android,6.78,120
Realme,13999,82.0,1,0.0,0,Dimensity,8,2.6,6.0,128,5000,1,45,50,16,Android,6.67,120
Google,104999,91.0,1,1.0,0,Tensor,8,3.1,16.0,256,5060,1,37,50,42,Android,6.8,120
Infinix,21999,84.0,1,1.0,1,Dimensity,8,2.2,8.0,256,5000,1,45,108,32,Android,6.78,120
Samsung,11868,85.0,1,1.0,0,Dimensity,8,2.4,4.0,128,5000,1,25,50,13,Android,6.7,90
Samsung,159999,94.0,1,1.0,0,Snapdragon,8,3.3,12.0,1024,5000,1,45,200,12,Android,6.8,120
Oppo,31500,87.0,1,1.0,1,Dimensity,8,2.5,12.0,256,5000,1,80,50,50,Android,6.7,120
Samsung,11990,85.0,1,1.0,0,Dimensity,8,2.4,4.0,128,5000,1,25,50,13,Android,6.7,90
Google,52999,84.0,1,1.0,0,Tensor,9,3.0,12.0,128,5050,1,30,50,11,Android,6.7,120
Vivo,24999,82.0,1,0.0,0,Dimensity,8,2.6,12.0,256,5700,1,44,50,32,Android,6.77,120
Vivo,58999,91.0,1,1.0,1,Dimensity,8,3.25,16.0,512,5400,1,100,50,32,Android,6.78,120
Tecno,18499,80.0,1,1.0,1,Dimensity,8,2.5,8.0,256,6000,1,45,64,13,Android,6.78,144
Vivo,26998,80.0,1,0.0,1,Dimensity,8,2.5,8.0,256,5500,1,90,50,32,Android,6.77,120
Realme,18999,81.0,1,1.0,0,Snapdragon,8,2.3,8.0,256,6000,1,45,50,16,Android,6.67,120
Vivo,37999,86.0,1,0.0,0,Snapdragon,8,2.63,12.0,512,6000,1,90,50,50,Android,6.77,120
Realme,16490,80.0,1,0.0,0,Dimensity,8,2.4,8.0,128,6000,1,45,50,16,Android,6.67,120
Xiaomi,10998,84.0,1,0.0,0,Snapdragon,8,2.2,6.0,128,5160,1,18,50,8,Android,6.88,120
Xiaomi,22977,82.0,1,1.0,1,Dimensity,8,2.5,8.0,256,5500,1,45,50,20,Android,6.67,120
Samsung,23999,82.0,1,1.0,0,Exynos,8,2.4,8.0,128,5000,1,25,50,13,Android,6.7,120
Infinix,10499,85.0,1,0.0,0,Dimensity,8,2.2,6.0,128,5200,1,18,50,8,Android,6.7,120
Vivo,29999,83.0,1,0.0,0,Dimensity,8,3.35,8.0,256,5500,1,80,50,50,Android,6.78,120
Realme,14077,82.0,1,0.0,0,Dimensity,8,2.5,6.0,128,5000,1,45,50,16,Android,6.67,120
Hmd,11895,80.0,1,0.0,0,Unisoc,8,2.2,8.0,256,5000,1,33,64,50,Android,6.67,120
Vivo,24999,81.0,1,0.0,0,Dimensity,8,2.5,8.0,128,5500,1,80,50,50,Android,6.77,120
Oppo,18799,84.0,1,0.0,0,Dimensity,8,2.6,8.0,128,5000,1,67,64,8,Android,6.7,120
Samsung,103399,90.0,1,1.0,0,Snapdragon,8,3.39,12.0,256,4400,1,25,50,10,Android,7.6,120
Vivo,18499,80.0,1,0.0,0,Dimensity,8,2.8,8.0,128,5000,1,44,50,16,Android,6.67,120
Tecno,14899,82.0,1,0.0,0,Dimensity,8,3.0,8.0,128,5000,1,33,64,32,Android,6.67,120
Oneplus,22999,81.0,1,1.0,1,Snapdragon,8,2.7,8.0,128,5000,1,80,50,16,Android,6.7,120
Realme,24999,83.0,1,0.0,1,Dimensity,8,2.5,12.0,256,7000,1,60,50,50,Android,6.57,120
Samsung,6999,85.0,0,0.0,0,Helio,8,2.2,4.0,64,5000,1,25,50,8,Android,6.7,60
Samsung,8999,85.0,0,0.0,0,Helio,8,2.2,4.0,64,5000,1,25,50,8,Android,6.7,90
Honor,13998,82.0,1,1.0,0,Snapdragon,8,2.2,8.0,256,5200,1,35,50,5,Android,6.8,90
Realme,26599,2.6,1,0.0,0,Dimensity,8,2.6,8.0,256,7000,1,80,50,50,Android,6.8,144
Realme,7599,82.0,0,0.0,0,Unisoc,8,1.8,6.0,128,6300,1,15,13,5,Android,6.74,90
Oppo,37999,82.0,1,0.0,1,Snapdragon,8,3.2,8.0,256,7000,1,80,50,16,Android,6.8,120
Iqoo,10998,81.5,1,0.0,0,Dimensity,8,2.4,6.0,128,6000,1,15,50,5,Android,6.74,90
Realme,6849,82.0,0,0.0,0,Unisoc,8,1.8,4.0,64,6300,1,15,13,5,Android,6.75,90
Tecno,15197,84.0,1,1.0,1,Dimensity,8,2.5,6.0,128,5500,1,45,64,13,Android,6.78,144
Realme,16999,80.0,1,1.0,0,Snapdragon,8,2.3,8.0,128,6000,1,45,50,16,Android,6.67,120
Samsung,89999,89.0,1,1.0,0,Snapdragon,8,4.47,12.0,256,3900,1,25,200,12,Android,6.7,120
Xiaomi,28700,84.0,1,1.0,1,Snapdragon,8,2.5,8.0,256,6200,1,90,50,20,Android,6.67,120
Samsung,20999,84.0,1,1.0,0,Snapdragon,8,2.4,8.0,256,5000,1,45,50,50,Android,6.7,120
Infinix,25999,88.0,1,1.0,1,Dimensity,8,3.1,12.0,256,5000,1,45,108,50,Android,6.78,144
Honor,28999,87.0,1,1.0,0,Snapdragon,8,2.63,12.0,512,5200,1,100,50,50,Android,6.7,120
Oneplus,22399,82.0,1,0.0,0,Snapdragon,8,2.2,8.0,256,5500,1,80,50,16,Android,6.67,120
Cmf,15468,83.0,1,0.0,0,Dimensity,8,2.5,6.0,128,5000,1,33,50,16,Android,6.67,120
Oneplus,24999,81.0,1,0.0,1,Snapdragon,8,2.63,8.0,256,5500,1,100,50,16,Android,6.7,120
Vivo,12499,83.0,1,0.0,0,Snapdragon,8,2.2,4.0,128,6000,1,44,50,8,Android,6.72,120
Samsung,38990,81.0,1,1.0,0,Exynos,8,2.8,8.0,128,4500,1,25,50,10,Android,6.4,120
Oppo,34999,83.0,1,0.0,0,Snapdragon,8,2.63,12.0,256,7000,1,80,50,32,Android,6.8,120
Tecno,9999,84.0,1,0.0,1,Dimensity,8,2.5,4.0,128,6000,1,18,50,5,Android,6.74,120
Oppo,13999,84.0,1,0.0,0,Dimensity,8,2.4,6.0,128,6000,1,45,32,5,Android,6.67,120
Lava,13499,41.3,1,0.0,0,Dimensity,8,2.6,6.0,128,5000,0,20,50,8,Android,6.67,120
Lava,12499,41.3,1,0.0,0,Dimensity,8,2.6,8.0,256,5000,1,18,50,8,Android,6.75,120
Vivo,39999,86.0,1,1.0,0,Dimensity,8,3.25,12.0,512,5500,1,90,50,32,Android,6.67,120
Alcatel,14999,83.0,1,1.0,0,Dimensity,8,2.4,6.0,128,5010,1,33,108,32,Android,6.78,120
Samsung,35599,83.0,1,1.0,0,Exynos,8,2.9,8.0,256,5000,1,45,50,12,Android,6.7,120
Samsung,8890,85.0,1,0.0,0,Dimensity,8,2.4,4.0,128,5000,1,25,50,8,Android,6.7,90
Realme,49999,89.0,1,1.0,1,Snapdragon,8,4.32,16.0,512,5800,1,120,50,16,Android,6.78,120
Samsung,15999,81.0,1,1.0,0,Exynos,8,2.4,8.0,128,6000,1,25,50,13,Android,6.6,120
Samsung,18999,82.0,1,1.0,0,Exynos,8,2.4,8.0,256,6000,1,25,50,13,Android,6.6,120
Samsung,24999,85.0,1,0.0,0,Exynos,8,2.7,8.0,128,5000,1,45,50,12,Android,6.74,120
Poco,10849,82.0,1,0.0,1,Snapdragon,8,2.3,6.0,128,5030,1,33,108,13,Android,6.79,120
Infinix,15999,84.0,1,1.0,1,Dimensity,8,2.2,8.0,256,5000,1,33,108,32,Android,6.78,120
Oppo,99999,93.0,1,1.0,1,Dimensity,8,3.63,16.0,512,5910,1,80,50,32,Android,6.78,120
Vivo,33989,85.0,1,0.0,0,Dimensity,8,3.1,8.0,256,5000,1,80,50,50,Android,6.78,120
Google,87999,90.0,1,1.0,0,Tensor,8,3.1,16.0,256,4700,1,27,50,42,Android,6.3,120
Vivo,22999,80.0,1,0.0,0,Snapdragon,8,2.63,8.0,128,5500,1,80,50,16,Android,6.77,120
Google,38499,84.0,1,1.0,0,Tensor,9,3.0,8.0,128,4575,1,30,50,11,Android,6.2,120
Google,26799,84.0,1,1.0,0,Tensor,8,2.85,8.0,128,4385,1,18,64,13,Android,6.1,90
Realme,27699,86.0,1,0.0,0,Dimensity,8,2.6,8.0,256,5000,1,100,200,32,Android,6.7,120
Samsung,23990,81.0,1,1.0,0,Snapdragon,8,2.4,6.0,128,5000,1,25,64,32,Android,6.7,120
Infinix,18949,85.0,1,0.0,1,Dimensity,8,2.6,8.0,128,5500,1,45,64,13,Android,6.78,144
Vivo,12999,83.0,1,0.0,0,Dimensity,8,2.4,6.0,128,5500,1,15,13,5,Android,6.74,90
Poco,8299,82.0,1,0.0,0,Snapdragon,8,2.0,4.0,128,5160,1,18,50,5,Android,6.88,120
Samsung,26999,80.0,1,0.0,0,Exynos,8,2.7,8.0,256,5000,1,45,50,12,Android,6.74,120
Realme,10190,82.0,1,0.0,0,Dimensity,8,2.4,4.0,64,6000,1,15,32,8,Android,6.67,120
Samsung,33499,83.0,1,1.0,0,Snapdragon,8,2.4,12.0,256,5000,1,45,50,12,Android,6.7,120
Tecno,9299,84.0,1,1.0,1,Dimensity,8,2.4,8.0,128,5000,1,18,48,8,Android,6.67,120
Realme,23999,82.0,1,0.0,0,Snapdragon,8,2.4,12.0,512,5200,1,80,50,32,Android,6.7,120
Apple,148900,89.0,1,1.0,0,Bionic,6,4.05,8.0,512,4685,1,20,48,12,iOS,6.9,120
Nothing,23998,85.0,1,1.0,0,Dimensity,8,3.0,12.0,256,5000,1,50,50,50,Android,6.7,120
Poco,7999,82.0,1,0.0,1,Dimensity,8,2.2,4.0,64,5000,1,18,50,5,Android,6.74,90
Google,172999,91.0,1,1.0,0,Tensor,8,3.1,16.0,256,4650,1,20,48,10,Android,8.03,120
Samsung,6625,85.0,0,0.0,0,Helio,8,2.0,4.0,64,5000,1,25,50,8,Android,6.74,60
Infinix,14999,83.0,1,1.0,0,Dimensity,8,2.4,8.0,256,5000,1,18,108,8,Android,6.78,120
Vivo,20999,81.0,1,0.0,0,Snapdragon,8,2.2,8.0,128,5000,1,80,50,32,Android,6.67,120
Oppo,10990,84.0,1,0.0,0,Dimensity,8,2.4,4.0,128,5100,1,45,8,5,Android,6.67,120
Realme,14999,80.0,1,0.0,0,Dimensity,8,2.6,8.0,128,5000,1,45,50,16,Android,6.67,120
Motorola,56400,91.0,1,1.0,0,Snapdragon,8,3.0,12.0,512,4000,1,45,50,32,Android,6.9,165
Poco,24999,82.0,1,1.0,1,Snapdragon,8,3.0,8.0,256,5000,1,90,50,20,Android,6.67,120
Samsung,12999,85.0,1,0.0,0,Dimensity,8,2.2,4.0,128,6000,1,25,50,13,Android,6.45,90
Oneplus,31990,82.0,1,1.0,1,Snapdragon,8,3.2,8.0,128,5000,1,100,50,16,Android,6.74,120
Oneplus,37989,85.0,1,1.0,0,Snapdragon,8,3.2,8.0,128,5000,1,100,50,16,Android,6.7,120
Poco,10990,82.0,0,0.0,1,Helio,8,2.05,8.0,128,5000,1,33,64,16,Android,6.43,90
Oneplus,24999,82.0,1,1.0,1,Dimensity,8,3.05,8.0,128,5000,1,80,50,16,Android,6.74,120
Samsung,47999,86.0,1,1.0,0,Snapdragon,8,2.84,8.0,128,4500,1,20,12,32,Android,6.5,120
Lava,7499,41.3,1,0.0,0,Unisoc,8,2.3,4.0,128,5000,1,10,13,5,Android,6.75,60
Realme,38987,87.0,1,0.0,0,Snapdragon,8,2.8,12.0,512,7000,1,80,50,50,Android,6.8,144
Vivo,37999,86.0,1,1.0,0,Dimensity,8,3.25,12.0,256,5500,1,90,50,32,Android,6.67,120
Realme,43998,89.0,1,1.0,1,Dimensity,8,3.4,12.0,512,7000,1,120,50,32,Android,6.78,120
Alcatel,12999,80.0,1,1.0,0,Dimensity,8,2.4,8.0,256,5200,1,18,50,8,Android,6.67,120
Realme,13139,82.0,1,0.0,0,Dimensity,8,2.4,6.0,128,6000,1,45,32,8,Android,6.67,120
Xiaomi,7309,84.0,0,0.0,0,Unisoc,8,1.8,4.0,128,5200,1,15,32,8,Android,6.88,120
Vivo,10399,83.0,1,0.0,0,Dimensity,8,2.4,4.0,64,5500,1,15,13,5,Android,6.74,90
Realme,19999,80.0,1,0.0,0,Dimensity,8,2.6,8.0,256,6000,1,80,50,16,Android,6.72,120
Motorola,89998,93.0,1,1.0,0,Snapdragon,8,4.32,16.0,512,4700,1,68,50,50,Android,6.96,165
Lava,14799,41.3,1,0.0,0,Dimensity,8,2.5,6.0,128,5000,1,33,64,16,Android,6.67,120
Samsung,14198,85.0,1,1.0,0,Dimensity,8,2.4,6.0,128,5000,1,25,50,13,Android,6.7,90
Xiaomi,8349,84.0,1,0.0,0,Snapdragon,8,2.0,4.0,128,5160,1,18,50,5,Android,6.88,120
Vivo,7999,83.0,0,0.0,0,Unisoc,8,1.8,4.0,64,5500,1,15,13,5,Android,6.74,60
Realme,18390,82.0,1,0.0,0,Dimensity,8,2.5,12.0,256,5000,1,45,50,16,Android,6.67,120
Apple,89999,83.0,1,1.0,0,Bionic,6,4.04,8.0,256,4674,1,20,48,12,iOS,6.7,60
Hmd,10999,80.0,1,1.0,0,Snapdragon,8,2.2,6.0,128,5000,1,33,108,50,Android,6.56,90
Oppo,12798,84.0,1,0.0,0,Dimensity,8,2.4,6.0,128,5100,1,45,32,8,Android,6.67,120
Google,44999,84.0,1,1.0,0,Tensor,9,3.0,8.0,256,4492,1,20,64,13,Android,6.1,120
Vivo,25990,84.0,1,1.0,0,Snapdragon,8,2.2,8.0,128,5500,1,44,50,50,Android,6.78,120
Oppo,19900,81.0,1,0.0,0,Dimensity,8,2.4,8.0,128,5000,1,45,50,32,Android,6.67,120
Realme,22999,83.0,1,0.0,0,Snapdragon,8,2.4,8.0,256,5000,1,67,64,32,Android,6.7,120
Tecno,89999,95.0,1,1.0,0,Dimensity,8,3.2,12.0,512,5750,1,70,50,32,Android,7.85,120
Motorola,16999,83.0,1,0.0,0,Dimensity,8,2.2,12.0,256,6000,1,33,50,16,Android,6.5,120
Motorola,19955,82.0,1,1.0,0,Dimensity,8,2.5,8.0,128,5000,1,68,50,32,Android,6.55,144
Motorola,14999,82.0,1,0.0,0,Dimensity,8,2.2,8.0,128,6000,1,33,50,16,Android,6.5,120
Xiaomi,14499,84.0,1,0.0,1,Snapdragon,8,2.2,8.0,256,5000,1,18,50,8,Android,6.79,90
Realme,28999,86.0,1,0.0,0,Dimensity,8,2.6,12.0,256,5000,1,100,200,32,Android,6.7,120
Motorola,26399,85.0,1,1.0,0,Snapdragon,8,2.63,8.0,256,4500,1,68,50,50,Android,6.7,144
Motorola,10999,83.0,1,0.0,0,Snapdragon,8,2.2,6.0,128,5000,1,20,50,16,Android,6.55,120
Motorola,8690,83.0,0,0.0,0,Helio,8,2.0,6.0,128,5000,1,20,50,13,Android,6.47,60
Oneplus,34989,86.0,1,1.0,0,Snapdragon,8,3.0,8.0,128,5000,1,80,50,32,Android,6.7,120
Samsung,72999,84.0,1,1.0,0,Snapdragon,8,3.0,8.0,128,3700,1,25,50,10,Android,6.1,120
Poco,11299,80.0,0,0.0,1,Snapdragon,8,2.96,6.0,128,5160,1,33,48,20,Android,6.67,120
Samsung,174999,95.0,1,1.0,0,Snapdragon,8,4.47,12.0,512,4400,1,25,200,10,Android,8.0,120
Tecno,15999,84.0,1,1.0,1,Dimensity,8,2.5,8.0,256,6000,1,45,50,13,Android,6.78,144
Lava,8499,41.3,1,0.0,0,Dimensity,8,2.5,4.0,128,5000,1,20,50,5,Android,6.75,120
Oppo,16998,84.0,1,1.0,0,Dimensity,8,2.4,8.0,128,6000,1,45,50,8,Android,6.67,120
Lava,7999,41.3,1,0.0,0,Dimensity,8,2.5,4.0,64,5000,1,20,50,5,Android,6.75,120
Infinix,6990,85.0,0,0.0,0,Unisoc,8,1.8,4.0,64,5000,1,15,8,8,Android,6.67,120
Realme,33998,86.0,1,1.0,1,Dimensity,8,3.25,12.0,256,7000,1,120,50,32,Android,6.8,120
Alcatel,8999,83.0,1,1.0,0,Dimensity,8,2.4,4.0,128,5200,1,18,50,8,Android,6.67,120
Lava,13998,41.3,1,0.0,0,Dimensity,8,2.4,8.0,128,5000,1,33,64,16,Android,6.67,120
Infinix,12999,85.0,1,0.0,1,Dimensity,8,2.5,8.0,128,5500,1,45,50,8,Android,6.67,120
Oppo,25999,84.0,1,0.0,0,Dimensity,8,2.5,8.0,256,6000,1,80,50,16,Android,6.7,120
Samsung,86999,87.0,1,1.0,0,Snapdragon,8,4.47,12.0,512,4000,1,25,50,12,Android,6.2,120
Vivo,14499,83.0,1,0.0,0,Dimensity,8,2.4,6.0,128,5500,1,44,50,8,Android,6.68,120
Samsung,12999,85.0,1,0.0,0,Dimensity,8,2.2,6.0,128,6000,1,25,50,13,Android,6.5,90
Realme,19990,80.0,1,0.0,0,Dimensity,8,2.5,8.0,128,5000,1,45,50,16,Android,6.67,120
Vivo,31999,84.0,1,0.0,0,Dimensity,8,3.35,12.0,256,5500,1,80,50,50,Android,6.78,120
Realme,23599,82.0,1,0.0,0,Dimensity,8,2.5,8.0,128,6000,1,45,50,16,Android,6.77,120
Iqoo,24999,82.0,1,0.0,0,Snapdragon,8,2.63,8.0,128,5500,1,80,50,16,Android,6.77,120
Oneplus,149998,94.0,1,1.0,1,Snapdragon,8,3.2,16.0,1024,4805,1,67,64,32,Android,7.82,120
Lava,10399,41.3,1,0.0,0,Dimensity,8,2.4,4.0,128,5000,1,33,64,16,Android,6.67,120
Samsung,109999,91.0,1,1.0,0,Exynos,10,3.3,12.0,256,4300,1,25,50,10,Android,6.9,120
Samsung,21998,84.0,1,1.0,0,Snapdragon,8,2.4,8.0,256,5000,1,45,50,50,Android,6.7,120
Realme,27999,83.0,1,1.0,1,Snapdragon,8,2.8,8.0,128,5500,1,120,50,32,Android,6.78,120
Oppo,23999,83.0,1,0.0,0,Dimensity,8,2.6,8.0,128,5000,1,67,64,32,Android,6.7,120
Realme,18773,80.0,1,0.0,0,Snapdragon,8,2.4,8.0,128,5200,1,45,50,32,Android,6.7,120
Oneplus,45999,85.0,1,1.0,1,Snapdragon,8,3.2,16.0,256,5500,1,100,50,16,Android,6.78,120
Motorola,12999,83.0,1,0.0,0,Snapdragon,8,2.2,8.0,128,5000,1,18,50,16,Android,6.5,120
Xiaomi,16999,82.0,1,0.0,1,Dimensity,8,2.4,8.0,256,5000,1,33,108,16,Android,6.67,120
Nothing,22991,85.0,1,1.0,0,Dimensity,8,2.8,12.0,256,5000,1,45,50,32,Android,6.7,120
Vivo,159999,96.0,1,1.0,1,Snapdragon,8,3.3,16.0,512,5700,1,100,64,32,Android,8.03,120
Xiaomi,9999,84.0,1,0.0,0,Dimensity,8,2.2,4.0,128,5000,1,18,50,5,Android,6.74,90
Apple,79999,83.0,1,1.0,0,Bionic,6,3.46,6.0,256,4383,1,20,48,12,iOS,6.7,60
Infinix,15999,85.0,1,1.0,0,Dimensity,8,2.4,8.0,256,5000,1,45,108,16,Android,6.78,120
Motorola,37999,88.0,1,1.0,0,Dimensity,8,2.5,8.0,256,4200,1,33,50,32,Android,6.9,120
Oppo,24988,86.0,1,1.0,1,Dimensity,8,2.6,8.0,128,5000,1,67,50,32,Android,6.7,120
Samsung,11999,85.0,1,0.0,0,Exynos,8,2.4,6.0,128,5000,1,15,50,13,Android,6.6,90
Vivo,31194,82.0,1,0.0,0,Dimensity,8,3.1,8.0,256,4600,1,80,50,50,Android,6.78,120
Nothing,21999,84.0,1,1.0,0,Snapdragon,8,2.5,8.0,256,4500,1,33,50,16,Android,6.55,120
Motorola,5499,83.0,0,0.0,0,Helio,8,1.8,3.0,32,5000,1,18,16,8,Android,6.5,90
Poco,17499,82.0,1,0.0,1,Snapdragon,8,2.4,8.0,256,5100,1,67,64,16,Android,6.67,120
Google,27999,83.0,1,1.0,0,Tensor,8,2.85,8.0,128,4355,1,30,50,11,Android,6.3,90
Vivo,16999,81.0,1,0.0,0,Dimensity,8,2.0,8.0,128,4500,1,44,64,50,Android,6.44,90
Realme,24999,86.0,1,1.0,0,Snapdragon,8,3.0,8.0,128,5000,1,65,50,32,Android,6.7,120
Motorola,15999,85.0,1,1.0,0,Dimensity,8,2.4,6.0,128,5000,1,30,108,32,Android,6.67,90
Oneplus,20999,84.0,1,1.0,0,Snapdragon,8,3.2,8.0,128,4500,1,65,48,16,Android,6.55,120
Motorola,54999,89.0,1,1.0,0,Dimensity,8,2.6,8.0,256,4500,1,30,50,32,Android,6.9,120
Infinix,20999,80.0,1,0.0,1,Dimensity,8,2.6,8.0,256,5500,1,45,64,13,Android,6.78,144
Realme,8290,82.0,0,0.0,0,Unisoc,8,1.8,6.0,128,6300,1,15,13,5,Android,6.75,90
Tecno,6998,84.0,0,0.0,1,Unisoc,8,1.8,4.0,64,5000,1,15,13,8,Android,6.67,120
Tecno,16999,84.0,1,1.0,1,Dimensity,8,2.5,8.0,128,5500,1,45,64,13,Android,6.78,144
Alcatel,16999,85.0,1,1.0,0,Dimensity,8,2.4,8.0,128,5010,1,33,108,32,Android,6.78,120
Acer,11998,7.0,1,0.0,0,Dimensity,8,2.4,8.0,128,5000,1,33,64,13,Android,6.8,120
Lava,6599,41.3,0,0.0,0,Unisoc,8,1.6,4.0,128,5000,1,18,50,5,Android,6.67,120
Oppo,19998,84.0,1,0.0,0,Dimensity,8,2.4,8.0,256,5800,1,45,50,8,Android,6.67,120
Acer,9998,7.0,1,0.0,0,Dimensity,8,2.4,4.0,128,5000,1,33,64,13,Android,6.8,120
Realme,21999,81.0,1,0.0,0,Dimensity,8,2.6,12.0,256,6000,1,80,50,16,Android,6.72,120
Oppo,41999,87.0,1,1.0,1,Dimensity,8,3.35,12.0,512,5600,1,80,50,50,Android,6.59,120
Samsung,68999,87.0,1,1.0,0,Snapdragon,8,4.47,12.0,128,4000,1,25,50,12,Android,6.2,120
Realme,14231,82.0,1,0.0,0,Dimensity,8,2.4,8.0,128,6000,1,45,50,8,Android,6.67,120
Vivo,71999,91.0,1,1.0,1,Dimensity,8,3.63,16.0,512,5800,1,90,50,32,Android,6.67,120
Realme,11499,82.0,1,0.0,0,Dimensity,8,2.4,4.0,128,6000,1,45,32,8,Android,6.67,120
Vivo,26999,82.0,1,0.0,0,Dimensity,8,2.5,8.0,256,5500,1,80,50,50,Android,6.77,120
Tecno,8299,84.0,1,1.0,1,Dimensity,8,2.4,4.0,128,5000,1,18,48,8,Android,6.67,120
Vivo,149998,94.0,1,1.0,1,Snapdragon,8,3.3,16.0,512,6000,1,80,50,20,Android,8.03,120
Apple,139900,89.0,1,1.0,0,Bionic,6,4.05,8.0,512,3582,1,20,48,12,iOS,6.3,120
Apple,97999,86.0,1,1.0,0,Bionic,6,4.04,8.0,512,3561,1,20,48,12,iOS,6.1,60
Infinix,24999,86.0,1,1.0,1,Dimensity,8,2.2,12.0,256,4600,1,100,108,32,Android,6.78,120
Oppo,9830,84.0,1,0.0,0,Dimensity,8,2.4,4.0,64,5100,1,45,8,5,Android,6.67,120
Oppo,34999,87.0,1,1.0,1,Dimensity,8,2.5,12.0,512,5000,1,80,50,50,Android,6.7,120
Oppo,69999,90.0,1,1.0,1,Dimensity,8,3.63,12.0,256,5630,1,80,50,32,Android,6.59,120
Realme,17999,80.0,1,0.0,0,Snapdragon,8,2.4,8.0,128,5200,1,80,50,32,Android,6.7,120
Realme,17481,83.0,1,1.0,0,Dimensity,8,2.5,8.0,128,5000,1,80,50,16,Android,6.67,120
Honor,20990,81.0,1,0.0,0,Dimensity,8,2.4,8.0,256,4500,1,35,108,50,Android,6.7,60
Vivo,13999,83.0,1,0.0,0,Snapdragon,8,2.2,6.0,128,6000,1,44,50,8,Android,6.72,120
Oppo,14898,84.0,1,0.0,0,Dimensity,8,2.4,8.0,128,5100,1,45,50,8,Android,6.67,120
Vivo,29990,83.0,1,0.0,0,Snapdragon,8,2.63,8.0,256,5000,1,80,50,50,Android,6.78,120
Motorola,7999,83.0,0,0.0,0,Unisoc,8,1.6,8.0,128,5000,1,15,16,5,Android,6.56,90
Vivo,21999,80.0,1,0.0,0,Snapdragon,8,2.0,8.0,256,4800,1,44,64,16,Android,6.67,120
Poco,16990,81.0,1,0.0,1,Dimensity,8,2.4,8.0,128,5000,1,33,108,16,Android,6.67,120
Honor,21990,82.0,1,1.0,1,Snapdragon,8,2.2,8.0,256,5800,1,35,108,16,Android,6.78,120
Vivo,23999,83.0,1,0.0,0,Dimensity,8,2.8,8.0,256,4600,1,66,64,16,Android,6.78,120
Apple,75999,82.0,1,1.0,0,Bionic,6,3.46,6.0,512,3349,1,20,48,12,iOS,6.1,60
Samsung,38999,85.0,1,1.0,0,Snapdragon,8,2.84,8.0,256,4500,1,25,12,32,Android,6.4,120
Vivo,14499,80.0,1,0.0,0,Snapdragon,8,2.2,8.0,128,4500,1,44,64,16,Android,6.38,90
Vivo,63899,89.0,1,1.0,1,Dimensity,8,3.25,12.0,256,5000,1,120,64,32,Android,6.78,120
Samsung,25999,87.0,1,1.0,0,Exynos,8,2.4,8.0,256,6000,1,25,108,32,Android,6.7,120
Samsung,77949,92.0,1,1.0,0,Snapdragon,8,3.36,12.0,512,5000,1,45,200,12,Android,6.8,120
Oppo,37499,86.0,1,1.0,1,Snapdragon,8,3.2,12.0,256,4700,1,100,64,32,Android,6.74,120
Iqoo,18499,81.0,1,0.0,0,Dimensity,8,2.8,8.0,128,5000,1,44,50,16,Android,6.67,120
Realme,9999,82.0,1,0.0,0,Dimensity,8,2.4,4.0,64,5000,1,18,50,8,Android,6.6,90
Vivo,49999,89.0,1,1.0,1,Dimensity,8,3.05,12.0,256,4870,1,120,50,32,Android,6.78,120
Motorola,22990,85.0,1,1.0,0,Dimensity,8,2.6,8.0,256,4400,1,68,50,32,Android,6.55,144
Oneplus,17990,84.0,1,0.0,0,Snapdragon,8,2.2,6.0,128,5000,1,33,64,16,Android,6.59,120
Oneplus,18990,80.0,1,1.0,0,Dimensity,8,2.4,6.0,128,4500,1,65,64,16,Android,6.43,90
Samsung,41999,88.0,1,1.0,0,Snapdragon,8,2.4,8.0,128,5000,1,25,108,32,Android,6.7,120
Xiaomi,20999,84.0,1,1.0,1,Snapdragon,8,2.84,8.0,128,5000,1,120,108,16,Android,6.67,120
Xiaomi,34899,86.0,1,1.0,1,Snapdragon,8,3.0,8.0,256,4600,1,120,50,32,Android,6.73,120
Google,23499,82.0,1,1.0,0,Tensor,8,2.8,8.0,128,4614,1,30,50,8,Android,6.4,90
Hmd,8999,2.6,1,0.0,0,Unisoc,8,2.6,4.0,128,5000,1,18,50,8,Android,6.67,90
Apple,154900,83.0,1,1.0,0,Bionic,6,2.6,12.0,512,3988,1,20,48,18,iOS,6.3,120
Oppo,10430,84.0,1,0.0,0,Dimensity,8,2.4,4.0,64,6000,1,45,32,5,Android,6.67,120
Oppo,39999,83.0,1,0.0,1,Snapdragon,8,3.2,12.0,256,7000,1,80,50,16,Android,6.8,120
Realme,29449,2.6,1,0.0,0,Dimensity,8,2.6,12.0,256,7000,1,80,50,50,Android,6.8,144
Realme,37998,87.0,1,1.0,1,Dimensity,8,3.25,12.0,512,7000,1,120,50,32,Android,6.8,120
Samsung,27999,80.0,1,0.0,0,Exynos,8,2.7,8.0,256,5000,1,45,50,12,Android,6.74,120
Realme,19999,81.0,1,0.0,0,Dimensity,8,2.4,8.0,256,6000,1,45,50,16,Android,6.67,120
Samsung,25880,83.0,1,1.0,0,Exynos,8,2.4,8.0,256,5000,1,25,50,13,Android,6.7,120
Oppo,27999,80.0,1,0.0,0,Dimensity,8,2.5,12.0,256,6000,1,80,50,16,Android,6.7,120
Samsung,15499,80.0,1,1.0,0,Dimensity,8,2.4,8.0,128,5000,1,25,50,13,Android,6.7,90
Realme,32499,85.0,1,0.0,0,Snapdragon,8,2.5,12.0,256,6000,1,80,50,32,Android,6.83,120
Xiaomi,9998,84.0,1,0.0,0,Snapdragon,8,2.2,4.0,128,5160,1,18,50,8,Android,6.88,120
Realme,18985,80.0,1,0.0,0,Snapdragon,8,2.4,8.0,128,5200,1,45,50,32,Android,6.7,120
Lava,20999,82.0,1,0.0,0,Dimensity,8,2.5,8.0,256,5000,1,66,50,16,Android,6.78,120
Realme,21996,82.0,1,0.0,0,Snapdragon,8,2.4,12.0,256,5200,1,80,50,32,Android,6.7,120
Tecno,13999,84.0,1,1.0,1,Dimensity,8,2.4,8.0,256,5000,1,18,108,8,Android,6.67,120
Apple,167900,89.0,1,1.0,0,Bionic,6,4.05,8.0,1024,4685,1,20,48,12,iOS,6.9,120
Vivo,24999,81.0,1,0.0,0,Snapdragon,8,2.63,8.0,256,5500,1,80,50,16,Android,6.77,120
Google,139999,91.0,1,1.0,0,Tensor,8,3.1,16.0,512,5060,1,37,50,42,Android,6.8,120
Vivo,36999,84.0,1,0.0,0,Snapdragon,8,2.63,8.0,256,5500,1,80,50,50,Android,6.78,120
Realme,28999,85.0,1,0.0,0,Snapdragon,8,2.4,12.0,512,5200,1,80,50,32,Android,6.7,120
Oneplus,31999,84.0,1,1.0,1,Snapdragon,8,2.8,12.0,256,5500,1,100,50,16,Android,6.74,120
Cmf,17199,80.0,1,0.0,0,Dimensity,8,2.5,8.0,128,5000,1,33,50,16,Android,6.67,120
Samsung,29924,85.0,1,1.0,0,Snapdragon,8,2.4,12.0,256,5000,1,45,50,50,Android,6.7,120
Poco,28900,83.0,1,1.0,1,Snapdragon,8,3.0,12.0,256,5000,1,90,50,20,Android,6.67,120
Vivo,17499,80.0,1,0.0,0,Snapdragon,8,2.2,8.0,128,6000,1,44,50,8,Android,6.72,120
Tecno,23999,83.0,1,0.0,1,Dimensity,8,2.2,12.0,512,5000,1,70,50,50,Android,6.78,120
Vivo,12999,83.0,1,0.0,0,Dimensity,8,2.4,4.0,128,5000,1,15,50,8,Android,6.56,90
Realme,13999,82.0,1,0.0,0,Dimensity,8,2.2,6.0,128,5000,1,45,50,8,Android,6.72,120
Infinix,39999,87.0,1,1.0,0,Dimensity,8,2.6,8.0,512,4720,1,70,50,50,Android,6.9,120
Oneplus,39499,84.0,1,1.0,1,Snapdragon,8,3.2,8.0,256,5500,1,100,50,16,Android,6.78,120
Nothing,21761,84.0,1,1.0,0,Dimensity,8,2.8,8.0,256,5000,1,45,50,32,Android,6.7,120
Realme,14720,82.0,1,0.0,0,Dimensity,8,2.4,8.0,128,5000,1,45,50,16,Android,6.72,120
Poco,25999,82.0,1,0.0,1,Snapdragon,8,2.4,12.0,512,5100,1,67,64,16,Android,6.67,120
Poco,28999,84.0,1,1.0,1,Dimensity,8,3.35,12.0,512,5000,1,67,64,16,Android,6.67,120
Xiaomi,22999,83.0,1,0.0,1,Dimensity,8,2.4,12.0,256,5000,1,33,108,16,Android,6.67,120
Apple,139900,87.0,1,1.0,0,Bionic,6,3.78,8.0,512,3274,1,20,48,12,iOS,6.1,120
Motorola,18999,83.0,1,1.0,0,Snapdragon,8,2.2,12.0,256,5000,1,30,50,16,Android,6.55,120
Samsung,69998,90.0,1,1.0,0,Snapdragon,8,3.3,12.0,256,4000,1,25,50,10,Android,6.7,120
Iqoo,32782,81.0,1,0.0,1,Snapdragon,8,3.2,8.0,128,5000,1,120,50,16,Android,6.78,120
Vivo,26999,83.0,1,1.0,0,Snapdragon,8,2.2,8.0,128,5000,1,44,64,50,Android,6.78,120
Iqoo,36990,81.0,1,0.0,1,Snapdragon,8,3.2,8.0,256,5160,1,120,50,16,Android,6.78,144
Oppo,32990,86.0,1,1.0,1,Dimensity,8,3.1,12.0,256,4600,1,80,50,32,Android,6.7,120
Realme,19999,82.0,1,0.0,0,Snapdragon,8,2.2,8.0,128,5000,1,67,50,16,Android,6.7,120
Vivo,12999,83.0,1,0.0,0,Dimensity,8,2.2,6.0,128,5000,1,18,50,8,Android,6.58,60
Vivo,89899,91.0,1,1.0,1,Dimensity,8,3.25,16.0,256,5400,1,100,50,32,Android,6.78,120
Samsung,27499,84.0,1,1.0,0,Dimensity,8,2.6,8.0,128,5000,1,25,48,13,Android,6.6,120
Oppo,24999,85.0,1,1.0,0,Snapdragon,8,2.2,8.0,128,4800,1,67,108,32,Android,6.7,120
Vivo,34799,81.0,1,0.0,0,Snapdragon,8,2.4,8.0,128,4600,1,80,50,50,Android,6.78,120
Samsung,26990,87.0,1,1.0,0,Exynos,8,2.4,8.0,256,5000,1,25,64,32,Android,6.5,120
Apple,69900,80.0,1,1.0,0,Bionic,6,3.22,6.0,128,4325,1,20,12,12,iOS,6.7,60
Oneplus,26899,83.0,1,1.0,0,Dimensity,8,3.0,12.0,256,4500,1,80,50,32,Android,6.43,90
Motorola,18990,83.0,1,1.0,0,Snapdragon,8,2.5,8.0,128,4020,1,33,50,32,Android,6.5,144
Realme,23999,81.0,1,0.0,0,Dimensity,8,2.6,8.0,128,5000,1,67,100,16,Android,6.7,120
Oppo,14999,80.0,0,0.0,0,Snapdragon,8,2.4,8.0,128,4500,1,33,64,32,Android,6.5,90
Nothing,20999,83.0,1,1.0,0,Snapdragon,8,2.5,8.0,128,4500,1,33,50,16,Android,6.55,120
Oneplus,24999,82.0,1,1.0,0,Dimensity,8,3.0,8.0,128,4500,1,80,50,32,Android,6.43,90
Oneplus,29944,82.0,1,1.0,0,Dimensity,8,2.85,8.0,128,5000,1,80,50,16,Android,6.7,120
Poco,9690,82.0,0,0.0,1,Helio,8,2.05,6.0,64,5000,1,33,64,16,Android,6.43,90
Samsung,94990,89.0,1,1.0,0,Snapdragon,8,3.2,12.0,256,4400,1,25,50,10,Android,7.6,120
Motorola,13999,83.0,1,1.0,0,Snapdragon,8,2.2,6.0,128,5000,1,33,50,16,Android,6.4,60
Vivo,49999,88.0,1,1.0,1,Snapdragon,8,3.0,12.0,256,4700,1,80,50,32,Android,6.78,120
Motorola,7599,83.0,0,0.0,0,Helio,8,2.0,4.0,64,5000,1,20,50,13,Android,6.47,60
Realme,26999,82.0,1,1.0,0,Dimensity,8,3.0,8.0,128,4500,1,50,64,16,Android,6.43,120
Oppo,19999,80.0,1,0.0,0,Dimensity,8,2.4,8.0,128,4310,1,50,48,16,Android,6.43,60
Xiaomi,8999,84.0,0,0.0,1,Snapdragon,8,2.0,6.0,128,4000,1,18,48,13,Android,6.3,60
Xiaomi,9490,84.0,0,0.0,1,Helio,8,2.05,6.0,64,4500,1,18,64,20,Android,6.53,60
Apple,174900,83.0,1,1.0,0,Bionic,6,2.6,12.0,1024,3988,1,20,48,18,iOS,6.3,120
Oppo,9998,84.0,0,0.0,1,Snapdragon,8,2.1,4.0,128,6000,1,45,32,5,Android,6.67,90
Lava,9999,41.3,1,0.0,0,Snapdragon,8,2.2,4.0,128,5000,1,18,50,8,Android,6.74,120
Realme,11490,82.0,1,0.0,0,Dimensity,8,2.4,4.0,128,6000,1,15,32,8,Android,6.67,120
Acer,10998,7.0,1,0.0,0,Dimensity,8,2.4,6.0,128,5000,1,33,64,13,Android,6.8,120
Realme,49998,89.0,1,1.0,1,Dimensity,8,3.4,16.0,512,7000,1,120,50,32,Android,6.78,120
Lava,13990,41.3,1,0.0,0,Dimensity,8,2.4,6.0,128,5000,1,33,64,16,Android,6.67,120
Vivo,18999,83.0,1,0.0,0,Snapdragon,8,2.2,8.0,256,6500,1,44,50,8,Android,6.68,120
Lava,6049,41.3,0,0.0,1,Unisoc,8,1.6,4.0,64,5000,1,18,50,8,Android,6.67,120
Oppo,23999,84.0,1,0.0,0,Snapdragon,8,2.2,8.0,256,6500,1,45,50,16,Android,6.7,120
Realme,35999,86.0,1,0.0,0,Snapdragon,8,2.5,12.0,512,6000,1,80,50,32,Android,6.83,120
Samsung,15999,85.0,1,1.0,0,Dimensity,8,2.4,8.0,128,5000,1,25,50,13,Android,6.7,90
Apple,62490,84.0,1,1.0,0,Bionic,6,4.04,8.0,256,4005,1,20,48,12,iOS,6.1,60
Lava,15499,41.3,1,0.0,0,Dimensity,8,2.5,8.0,128,5000,1,33,64,16,Android,6.67,120
Vivo,22999,82.0,1,0.0,0,Snapdragon,8,2.2,8.0,256,5000,1,80,50,32,Android,6.67,120
Samsung,20499,81.0,1,1.0,0,Dimensity,8,2.4,8.0,256,5000,1,25,50,13,Android,6.7,90
Realme,15199,81.0,1,0.0,0,Dimensity,8,2.5,8.0,128,5000,1,45,50,16,Android,6.67,120
Infinix,10499,85.0,1,0.0,0,Dimensity,8,2.4,8.0,128,5000,1,18,48,8,Android,6.7,120
Iqoo,23999,81.0,1,0.0,0,Dimensity,8,2.5,8.0,256,5500,1,44,50,16,Android,6.77,120
Tecno,7300,84.0,0,0.0,1,Unisoc,8,1.8,4.0,64,5000,1,15,13,8,Android,6.67,120
Oppo,13999,84.0,1,0.0,0,Dimensity,8,2.4,6.0,128,5100,1,45,50,5,Android,6.67,120
Realme,10999,82.0,1,0.0,0,Dimensity,8,2.4,6.0,128,5000,1,10,32,8,Android,6.67,120
Oppo,15999,84.0,1,0.0,0,Dimensity,8,2.4,8.0,256,5100,1,45,32,8,Android,6.67,120
Realme,8199,82.0,0,0.0,0,Unisoc,8,1.8,6.0,128,5000,1,18,32,5,Android,6.74,90
Vivo,11499,83.0,1,0.0,0,Dimensity,8,2.4,6.0,128,5000,1,15,50,8,Android,6.56,90
Samsung,8349,85.0,0,0.0,0,Helio,8,2.0,4.0,64,5000,1,25,50,8,Android,6.74,60
Oppo,17999,84.0,1,0.0,0,Dimensity,8,2.4,8.0,256,5100,1,45,50,8,Android,6.67,120
Hmd,35999,87.0,1,1.0,0,Snapdragon,8,2.4,12.0,256,4600,1,33,108,50,Android,6.55,144
Vivo,10499,83.0,1,0.0,0,Dimensity,8,2.4,4.0,128,5000,1,15,50,8,Android,6.56,90
Realme,30999,84.0,1,1.0,1,Snapdragon,8,2.8,8.0,256,5500,1,120,50,32,Android,6.78,120
Vivo,19999,83.0,1,0.0,0,Snapdragon,8,2.2,8.0,128,6000,1,44,50,8,Android,6.72,120
Realme,15999,82.0,1,0.0,0,Snapdragon,8,2.2,8.0,128,5000,1,45,50,16,Android,6.7,120
Realme,13499,82.0,1,0.0,0,Dimensity,8,2.2,8.0,128,5000,1,45,50,8,Android,6.72,120
Vivo,27999,83.0,1,0.0,0,Snapdragon,8,2.2,8.0,128,5000,1,44,64,16,Android,6.78,120
Xiaomi,6799,84.0,0,0.0,0,Unisoc,8,1.8,3.0,64,5000,1,10,8,5,Android,6.71,90
Poco,17990,82.0,1,0.0,1,Dimensity,8,2.4,12.0,256,5000,1,33,108,16,Android,6.67,120
Vivo,28999,84.0,1,0.0,0,Snapdragon,8,2.63,12.0,256,5000,1,80,50,50,Android,6.78,120
Infinix,24999,86.0,1,1.0,1,Dimensity,8,2.2,12.0,256,4600,1,100,108,32,Android,6.78,120
Samsung,16999,85.0,1,0.0,0,Dimensity,8,2.2,6.0,128,6000,1,25,50,13,Android,6.45,90
Iqoo,35999,82.0,1,0.0,1,Snapdragon,8,3.2,12.0,256,5160,1,120,50,16,Android,6.78,144
Oneplus,69999,92.0,1,1.0,1,Snapdragon,8,3.3,16.0,512,5400,1,100,64,32,Android,6.82,120
Samsung,68999,88.0,1,1.0,0,Exynos,10,3.2,12.0,512,4900,1,45,50,12,Android,6.7,120
Realme,17999,81.0,1,0.0,0,Dimensity,8,2.6,8.0,128,5000,1,67,50,16,Android,6.67,120
Vivo,12999,83.0,1,0.0,0,Dimensity,8,2.2,4.0,128,5000,1,15,50,8,Android,6.56,90
Samsung,37990,84.0,1,1.0,0,Snapdragon,8,3.0,8.0,128,4500,1,25,50,10,Android,6.4,120
Motorola,9499,83.0,0,0.0,0,Helio,8,2.0,4.0,128,6000,1,30,50,16,Android,6.6,90
Xiaomi,14499,84.0,1,0.0,0,Dimensity,8,2.2,8.0,256,5000,1,18,50,5,Android,6.74,90
Poco,14999,82.0,1,0.0,1,Snapdragon,8,2.2,8.0,256,5000,1,18,50,8,Android,6.79,90
Samsung,45999,84.0,1,1.0,0,Snapdragon,8,2.84,8.0,128,4500,1,25,12,32,Android,6.4,120
Motorola,23990,83.0,1,1.0,0,Dimensity,8,2.5,12.0,256,5000,1,68,50,32,Android,6.55,144
Samsung,18494,82.0,1,1.0,0,Exynos,8,2.4,8.0,128,5000,1,25,50,13,Android,6.5,120
Poco,6869,82.0,0,0.0,0,Helio,8,2.2,4.0,64,5000,1,18,8,5,Android,6.71,90
Xiaomi,12999,84.0,1,0.0,1,Snapdragon,8,2.2,4.0,128,5000,1,18,50,8,Android,6.79,90
Poco,23999,82.0,1,0.0,1,Snapdragon,8,2.91,12.0,256,5000,1,67,64,16,Android,6.67,120
Samsung,28999,84.0,1,1.0,0,Snapdragon,8,2.4,8.0,128,5000,1,45,50,50,Android,6.67,120
Realme,18890,81.0,1,0.0,0,Dimensity,8,2.6,8.0,128,5000,1,67,50,16,Android,6.67,120
Vivo,15999,83.0,1,0.0,0,Snapdragon,8,2.2,6.0,128,4500,1,44,64,16,Android,6.38,90
Oneplus,61999,88.0,1,1.0,0,Snapdragon,8,3.2,16.0,256,5000,1,100,50,16,Android,6.7,120
Poco,19349,82.0,1,0.0,1,Snapdragon,8,2.4,8.0,256,5000,1,67,108,16,Android,6.67,120
Samsung,49999,86.0,1,1.0,0,Snapdragon,8,3.36,8.0,256,3900,1,25,50,12,Android,6.1,120
Vivo,17480,80.0,1,0.0,0,Dimensity,8,2.4,8.0,128,4500,1,44,64,16,Android,6.38,90
Samsung,99990,90.0,1,1.0,0,Snapdragon,8,3.36,12.0,256,4400,1,25,50,10,Android,7.6,120
Oppo,33999,84.0,1,1.0,1,Snapdragon,8,2.4,12.0,256,4600,1,80,50,32,Android,6.7,120
Motorola,14199,82.0,1,1.0,0,Dimensity,8,2.2,8.0,128,5000,1,30,50,16,Android,6.5,120
Tecno,41999,85.0,1,1.0,0,Dimensity,8,3.05,12.0,256,5160,1,45,50,32,Android,6.8,120
Vivo,28999,82.0,1,0.0,0,Snapdragon,8,2.63,8.0,128,5000,1,80,50,50,Android,6.78,120
Apple,54999,80.0,1,1.0,0,Bionic,6,3.22,6.0,256,3279,1,20,12,12,iOS,6.1,60
Vivo,22999,83.0,0,0.0,0,Snapdragon,8,2.4,8.0,128,5000,1,44,50,16,Android,6.58,90
Samsung,11995,85.0,1,0.0,0,Dimensity,8,2.2,4.0,64,5000,1,15,50,5,Android,6.5,90
Xiaomi,24999,80.0,1,0.0,1,Dimensity,8,2.85,6.0,128,5080,1,67,64,16,Android,6.6,144
Motorola,7990,83.0,0,1.0,0,Snapdragon,8,2.4,4.0,64,5000,1,20,50,16,Android,6.47,60
Realme,18999,82.0,1,0.0,0,Snapdragon,8,3.2,6.0,128,5000,1,80,64,16,Android,6.62,120
Oppo,19999,82.0,1,0.0,0,Snapdragon,8,2.2,8.0,256,5000,1,67,64,32,Android,6.72,120
Xiaomi,36499,87.0,1,1.0,1,Snapdragon,8,3.0,12.0,256,4600,1,120,50,32,Android,6.73,120
Oneplus,29999,83.0,1,1.0,0,Dimensity,8,2.85,12.0,256,5000,1,80,50,16,Android,6.7,120
Iqoo,26999,81.5,1,0.0,0,Dimensity,8,2.8,8.0,128,4600,1,66,64,16,Android,6.78,120
Oneplus,19990,83.0,1,1.0,0,Dimensity,8,2.4,8.0,128,4500,1,65,64,16,Android,6.43,90
Oneplus,18990,82.0,1,0.0,0,Snapdragon,8,2.2,8.0,128,5000,1,33,64,16,Android,6.59,120
Xiaomi,24999,86.0,1,1.0,1,Snapdragon,8,2.84,12.0,256,5000,1,120,108,16,Android,6.67,120
Xiaomi,13999,84.0,1,0.0,1,Snapdragon,8,2.0,4.0,128,5000,1,33,48,13,Android,6.67,120
Oppo,24999,81.0,1,1.0,0,Dimensity,8,3.0,8.0,128,4500,1,80,50,32,Android,6.43,90
Vivo,38999,85.0,1,0.0,0,Dimensity,8,3.0,12.0,256,4300,1,44,108,50,Android,6.56,90
Xiaomi,12990,84.0,0,0.0,1,Snapdragon,8,2.4,4.0,64,5000,1,33,50,13,Android,6.43,90
Samsung,27500,85.0,1,1.0,0,Exynos,8,2.4,6.0,128,5000,1,25,64,32,Android,6.5,120
Oppo,24999,85.0,1,1.0,0,Dimensity,8,3.0,12.0,256,4500,1,65,50,32,Android,6.55,90
Motorola,6998,83.0,0,0.0,0,Tiger,8,1.8,4.0,64,5000,0,20,48,8,Android,6.5,90
Motorola,16990,85.0,1,1.0,0,Snapdragon,8,2.4,8.0,128,4000,1,30,108,32,Android,6.7,144
Samsung,101999,85.0,1,1.0,0,Snapdragon,8,3.0,8.0,128,4500,1,45,50,10,Android,6.6,120
Xiaomi,20999,81.0,1,0.0,1,Snapdragon,8,3.2,8.0,128,4520,1,33,48,20,Android,6.67,120
Motorola,8990,83.0,0,0.0,0,Snapdragon,8,2.3,4.0,64,6000,1,20,64,16,Android,6.78,120
Oppo,29999,85.0,1,1.0,0,Dimensity,8,3.0,12.0,256,4500,1,65,64,32,Android,6.55,90
Oppo,24999,81.0,1,1.0,0,Dimensity,8,2.0,8.0,128,4300,1,65,64,32,Android,6.43,90
Xiaomi,12999,84.0,0,0.0,1,Helio,8,2.05,6.0,64,5000,1,33,64,13,Android,6.43,60
Oneplus,30044,84.0,1,1.0,0,Snapdragon,8,2.84,12.0,256,4500,1,65,48,16,Android,6.55,120
Oppo,19999,80.0,1,0.0,0,Snapdragon,8,2.2,8.0,128,4500,1,33,64,16,Android,6.43,60
Samsung,32999,86.0,0,1.0,0,Exynos,8,2.73,12.0,256,4300,1,45,12,10,Android,6.8,60
Xiaomi,7459,84.0,0,0.0,1,Snapdragon,8,2.0,4.0,64,4000,1,18,48,13,Android,6.3,60
Xiaomi,9399,84.0,0,0.0,1,Snapdragon,8,2.0,4.0,64,4030,1,18,48,32,Android,6.08,60
Samsung,11999,85.0,0,0.0,0,Exynos,8,2.3,4.0,64,4000,1,15,25,25,Android,6.4,60
Xiaomi,7750,84.0,0,0.0,1,Snapdragon,8,1.8,4.0,64,4000,1,20,12,20,Android,6.26,60
Apple,69873,83.0,0,1.0,0,Bionic,6,2.39,3.0,64,2716,1,20,12,7,iOS,5.8,60
Apple,139900,2.6,1,1.0,0,Bionic,6,2.6,8.0,512,3149,1,20,48,18,iOS,6.5,60
Apple,159900,2.6,1,1.0,0,Bionic,6,2.6,8.0,1024,3149,1,20,48,18,iOS,6.5,60
Lava,10998,41.3,1,0.0,0,Snapdragon,8,2.2,6.0,128,5000,1,18,50,8,Android,6.74,120
Itel,5748,2.6,0,0.0,0,Unisoc,8,2.6,3.0,64,5000,1,15,13,5,Android,6.6,90
Samsung,121999,91.0,1,1.0,0,Exynos,10,3.3,12.0,512,4300,1,25,50,10,Android,6.9,120
Samsung,89999,90.0,1,1.0,0,Exynos,8,3.2,8.0,256,4000,1,25,50,10,Android,6.7,120
Lava,13499,41.3,0,0.0,0,Dimensity,8,2.4,6.0,128,5000,0,20,64,16,Android,6.67,60
Alcatel,10999,83.0,1,1.0,0,Dimensity,8,2.4,6.0,128,5200,1,18,50,8,Android,6.67,120
Lava,5999,2.6,0,0.0,0,Unisoc,8,2.6,4.0,64,5000,1,10,13,5,Android,6.75,60
Oppo,8998,84.0,0,0.0,1,Snapdragon,8,2.1,4.0,64,6000,1,45,32,5,Android,6.67,90
Lava,7999,2.6,1,0.0,0,Unisoc,8,2.6,4.0,64,5000,1,20,13,5,Android,6.75,90
Samsung,101999,89.0,1,1.0,0,Snapdragon,8,4.47,12.0,512,3900,1,25,200,12,Android,6.7,120
Realme,18999,81.0,1,0.0,0,Dimensity,8,2.5,8.0,256,5000,1,45,50,16,Android,6.67,120
Samsung,21499,80.0,1,1.0,0,Exynos,8,2.4,6.0,128,5000,1,25,50,13,Android,6.7,120
Apple,81490,85.0,1,1.0,0,Bionic,6,4.04,8.0,512,4005,1,20,48,12,iOS,6.1,60
Samsung,111999,88.0,1,1.0,0,Snapdragon,8,4.47,12.0,512,4900,1,45,50,12,Android,6.7,120
Samsung,9699,85.0,0,0.0,0,Exynos,8,2.0,6.0,128,5000,1,15,50,13,Android,6.6,60
Realme,26999,80.0,1,0.0,0,Dimensity,8,2.5,8.0,256,6000,1,45,50,16,Android,6.77,120
Itel,6435,2.6,0,0.0,0,Unisoc,8,1.8,4.0,64,5000,1,15,13,5,Android,6.6,90
Infinix,6499,85.0,0,0.0,1,Helio,8,2.2,3.0,64,5000,1,10,13,8,Android,6.7,90
Vivo,16999,83.0,1,0.0,0,Dimensity,8,2.4,8.0,128,5500,1,44,50,8,Android,6.68,120
Lava,6599,41.3,0,0.0,0,Unisoc,8,1.6,4.0,128,5000,1,10,50,8,Android,6.56,60
Oppo,79999,91.0,1,1.0,1,Dimensity,8,3.63,16.0,512,5630,1,80,50,32,Android,6.59,120
Samsung,89999,89.0,1,1.0,0,Exynos,8,3.2,8.0,128,4000,1,25,50,10,Android,6.7,120
Tecno,8499,84.0,1,1.0,1,Dimensity,8,2.4,4.0,64,5000,1,18,48,8,Android,6.67,120
Samsung,16999,85.0,1,0.0,0,Dimensity,8,2.2,8.0,128,6000,1,25,50,13,Android,6.5,90
Samsung,14499,85.0,1,0.0,0,Dimensity,8,2.2,4.0,128,6000,1,25,50,13,Android,6.5,90
Apple,159900,89.0,1,1.0,0,Bionic,6,4.05,8.0,1024,3582,1,20,48,12,iOS,6.3,120
Apple,109999,84.0,1,1.0,0,Bionic,6,4.04,8.0,512,4674,1,20,48,12,iOS,6.7,60
Realme,23990,82.0,1,0.0,0,Dimensity,8,2.5,12.0,256,5000,1,45,50,16,Android,6.67,120
Vivo,23999,80.0,1,0.0,0,Snapdragon,8,2.2,8.0,128,5000,1,44,50,32,Android,6.78,120
Realme,20999,83.0,1,1.0,0,Dimensity,8,2.5,8.0,256,5000,1,80,50,16,Android,6.67,120
Realme,16248,80.0,1,0.0,0,Dimensity,8,2.4,8.0,256,5000,1,45,50,16,Android,6.72,120
Realme,23990,84.0,1,1.0,0,Dimensity,8,2.5,12.0,256,5000,1,80,50,16,Android,6.67,120
Infinix,9999,85.0,1,0.0,0,Dimensity,8,2.4,4.0,128,5000,1,18,48,8,Android,6.7,120
Infinix,21999,84.0,1,1.0,1,Dimensity,8,2.2,8.0,256,5000,1,45,108,32,Android,6.78,120
Iqoo,24999,82.0,1,0.0,0,Snapdragon,8,2.63,8.0,256,5500,1,80,50,16,Android,6.77,120
Iqoo,29890,83.0,1,0.0,0,Snapdragon,8,2.63,12.0,256,5500,1,80,50,16,Android,6.77,120
Iqoo,29989,82.0,1,0.0,0,Dimensity,8,2.5,12.0,256,5500,1,44,50,16,Android,6.77,120
Xiaomi,6688,84.0,0,0.0,0,Unisoc,8,1.8,4.0,128,5000,1,10,8,5,Android,6.71,90
Oppo,21800,82.0,1,0.0,0,Dimensity,8,2.4,8.0,256,5000,1,45,50,32,Android,6.67,120
Oppo,8990,2.6,0,0.0,0,Snapdragon,8,2.6,4.0,64,5100,1,45,8,5,Android,6.67,90
Tecno,6099,2.6,0,0.0,1,Helio,8,2.6,3.0,64,5000,1,20,13,0,Android,6.67,90
Vivo,42947,86.0,1,0.0,0,Snapdragon,8,2.63,12.0,512,5500,1,80,50,50,Android,6.78,120
Realme,26990,83.0,1,0.0,0,Snapdragon,8,2.4,12.0,512,5200,1,45,50,32,Android,6.7,120
Realme,26999,84.0,1,0.0,0,Snapdragon,8,2.4,12.0,256,5200,1,80,50,32,Android,6.7,120
Vivo,10499,83.0,1,0.0,0,Dimensity,8,2.4,4.0,64,5000,1,15,13,5,Android,6.56,90
Vivo,14499,83.0,1,0.0,0,Dimensity,8,2.4,6.0,128,5000,1,15,50,8,Android,6.56,90
Samsung,200999,91.0,1,1.0,0,Snapdragon,8,3.39,12.0,1024,4400,1,25,50,10,Android,7.6,120
Samsung,125000,91.0,1,1.0,0,Snapdragon,8,3.39,12.0,512,4400,1,25,50,10,Android,7.6,120
Tecno,54999,87.0,1,1.0,0,Dimensity,8,2.6,8.0,256,4720,1,70,50,32,Android,6.9,120
Realme,7999,82.0,0,1.0,0,Unisoc,8,1.8,4.0,64,5000,1,45,50,8,Android,6.75,90
Iqoo,11980,81.5,1,0.0,0,Dimensity,8,2.4,4.0,128,5000,1,15,50,8,Android,6.56,90
Poco,33999,83.0,1,1.0,1,Snapdragon,8,3.0,12.0,512,5000,1,90,50,20,Android,6.67,120
Tecno,15999,84.0,1,0.0,0,Dimensity,8,2.4,8.0,256,5000,1,33,108,8,Android,6.78,120
Realme,31999,85.0,1,1.0,1,Snapdragon,8,2.8,12.0,256,5500,1,120,50,32,Android,6.78,120
Vivo,28999,84.0,1,1.0,0,Snapdragon,8,2.2,8.0,256,5500,1,44,50,50,Android,6.78,120
Realme,13500,82.0,1,0.0,0,Dimensity,8,2.4,6.0,128,5000,1,15,50,8,Android,6.67,120
Samsung,17699,85.0,1,0.0,0,Dimensity,8,2.2,8.0,128,6000,1,25,50,13,Android,6.45,90
Realme,12999,82.0,1,0.0,0,Dimensity,8,2.2,4.0,128,5000,1,45,50,8,Android,6.72,120
Realme,18999,81.0,1,0.0,0,Dimensity,8,2.6,8.0,256,5000,1,45,50,16,Android,6.67,120
Realme,16999,82.0,1,0.0,0,Snapdragon,8,2.2,8.0,256,5000,1,45,50,16,Android,6.7,120
Itel,8499,2.6,0,0.0,0,Helio,8,2.0,8.0,128,5000,1,18,108,8,Android,6.6,90
Samsung,31999,85.0,1,1.0,0,Snapdragon,8,2.4,8.0,256,5000,1,45,50,50,Android,6.67,120
Tecno,21399,86.0,1,1.0,1,Dimensity,8,2.4,12.0,256,6000,1,70,108,32,Android,6.78,120
Vivo,20499,81.0,1,0.0,0,Dimensity,8,2.8,8.0,256,5000,1,44,50,16,Android,6.67,120
Realme,20999,82.0,1,0.0,0,Dimensity,8,2.6,8.0,256,5000,1,67,50,16,Android,6.67,120
Iqoo,20499,82.0,1,0.0,0,Dimensity,8,2.8,8.0,256,5000,1,44,50,16,Android,6.67,120
Oppo,29531,84.0,1,0.0,0,Dimensity,8,2.6,8.0,256,5000,1,67,64,32,Android,6.7,120
Vivo,19999,83.0,1,0.0,0,Snapdragon,8,2.2,8.0,128,5000,1,44,50,16,Android,6.67,120
Samsung,16987,85.0,1,0.0,0,Dimensity,8,2.2,6.0,128,5000,1,25,50,13,Android,6.5,90
Infinix,8999,85.0,0,0.0,0,Helio,8,2.2,8.0,128,5000,1,10,50,8,Android,6.6,90
Samsung,9199,85.0,0,0.0,0,Snapdragon,8,2.4,4.0,64,5000,1,25,50,13,Android,6.72,90
Oppo,29999,87.0,1,1.0,1,Dimensity,8,2.6,8.0,256,5000,1,67,50,32,Android,6.7,120
Vivo,54999,90.0,1,1.0,1,Dimensity,8,3.25,16.0,512,5000,1,120,64,32,Android,6.78,120
Oppo,14449,84.0,1,0.0,0,Dimensity,8,2.2,6.0,128,5000,1,33,13,8,Android,6.56,90
Poco,10999,82.0,1,0.0,1,Dimensity,8,2.2,6.0,128,5000,1,18,50,5,Android,6.74,90
Poco,9499,82.0,0,0.0,0,Helio,8,2.0,6.0,128,5000,1,18,50,8,Android,6.74,90
Infinix,7799,85.0,0,0.0,0,Helio,8,2.2,4.0,128,6000,1,18,50,8,Android,6.6,90
Xiaomi,11299,84.0,1,0.0,0,Dimensity,8,2.2,6.0,128,5000,1,18,50,5,Android,6.74,90
Infinix,6699,85.0,0,0.0,0,Unisoc,8,1.6,3.0,64,5000,1,10,13,8,Android,6.6,90
Lava,9168,41.3,1,0.0,0,Dimensity,8,2.2,6.0,128,5000,1,18,50,8,Android,6.5,90
Samsung,40999,82.0,1,1.0,0,Exynos,8,2.8,8.0,256,4500,1,25,50,10,Android,6.4,120
Vivo,33794,83.0,1,0.0,0,Dimensity,8,3.1,12.0,256,4600,1,80,50,50,Android,6.78,120
Oppo,18790,84.0,1,0.0,0,Dimensity,8,2.2,8.0,128,5000,1,33,50,8,Android,6.72,90
Realme,11999,82.0,1,0.0,0,Dimensity,8,2.2,4.0,128,5000,1,45,50,8,Android,6.72,120
Realme,11999,82.0,1,0.0,0,Dimensity,8,2.2,4.0,128,5000,1,33,50,8,Android,6.72,120
Oppo,10999,84.0,0,0.0,0,Helio,8,2.0,4.0,128,5000,1,33,50,5,Android,6.56,90
Oppo,9892,84.0,0,0.0,0,Helio,8,2.0,4.0,64,5000,0,20,8,5,Android,6.56,60
Poco,13490,82.0,1,0.0,1,Snapdragon,8,2.2,6.0,128,5000,1,18,50,8,Android,6.79,90
Xiaomi,12494,84.0,1,0.0,1,Snapdragon,8,2.2,6.0,128,5000,1,18,50,8,Android,6.79,90
Poco,8499,82.0,0,0.0,0,Helio,8,2.0,4.0,128,5000,1,18,50,8,Android,6.74,90
Samsung,106999,91.0,1,1.0,0,Snapdragon,8,3.36,12.0,512,4400,1,25,50,10,Android,7.6,120
Samsung,16990,85.0,0,0.0,0,Snapdragon,8,2.4,6.0,128,5000,1,25,50,13,Android,6.7,60
Oneplus,27999,83.0,1,1.0,1,Snapdragon,8,2.7,12.0,256,5000,1,80,50,16,Android,6.7,120
Realme,19990,80.0,1,0.0,0,Dimensity,8,2.2,8.0,128,5000,1,33,64,16,Android,6.43,90
Realme,27999,83.0,1,0.0,0,Dimensity,8,2.6,12.0,256,5000,1,67,100,16,Android,6.7,120
Infinix,14999,85.0,1,1.0,0,Dimensity,8,2.4,4.0,128,5000,1,45,108,16,Android,6.78,120
Samsung,19999,81.0,1,1.0,0,Exynos,8,2.4,6.0,128,6000,1,25,50,13,Android,6.5,120
Samsung,13890,85.0,1,0.0,0,Dimensity,8,2.2,4.0,128,6000,1,25,50,13,Android,6.45,90
Vivo,48778,87.0,1,1.0,1,Dimensity,8,3.05,12.0,256,4810,1,120,50,32,Android,6.78,120
Realme,7999,82.0,0,0.0,0,Unisoc,8,1.8,4.0,64,5000,1,33,50,8,Android,6.74,90
Realme,8994,82.0,0,0.0,0,Tiger,8,1.82,4.0,128,5000,1,18,108,8,Android,6.74,90
Realme,16999,82.0,1,0.0,0,Dimensity,8,2.2,6.0,128,5000,1,45,108,8,Android,6.72,120
Vivo,18999,81.0,1,0.0,0,Snapdragon,8,2.2,8.0,256,4500,1,44,64,16,Android,6.38,90
Vivo,14999,83.0,1,0.0,0,Dimensity,8,2.2,8.0,128,5000,1,18,50,8,Android,6.58,60
Vivo,17999,80.0,1,0.0,0,Snapdragon,8,2.2,8.0,128,4500,1,44,64,16,Android,6.38,90
Vivo,11999,83.0,1,0.0,0,Dimensity,8,2.2,4.0,128,5000,1,18,50,8,Android,6.58,60
Samsung,13490,2.6,1,0.0,0,Exynos,8,2.6,6.0,128,6000,1,25,50,13,Android,6.6,60
Samsung,29499,84.0,1,1.0,0,Dimensity,8,2.6,8.0,256,5000,1,25,48,13,Android,6.6,120
Realme,11999,82.0,0,0.0,0,Helio,8,2.0,8.0,128,5000,1,33,64,8,Android,6.72,90
Motorola,10999,83.0,0,0.0,0,Snapdragon,8,2.4,8.0,128,5000,1,33,50,16,Android,6.55,90
Xiaomi,8990,84.0,0,0.0,1,Snapdragon,8,2.8,6.0,64,5000,1,33,50,13,Android,6.67,120
Xiaomi,12239,84.0,1,0.0,1,Snapdragon,8,2.0,6.0,128,5000,1,33,48,13,Android,6.67,120
Samsung,8899,85.0,0,0.0,0,Snapdragon,8,2.4,4.0,64,5000,1,25,50,13,Android,6.7,90
Realme,18999,82.0,1,0.0,0,Dimensity,8,2.6,8.0,128,5000,1,67,108,16,Android,6.7,120
Samsung,99999,85.0,1,1.0,0,Snapdragon,8,3.2,8.0,256,3700,1,25,12,10,Android,6.7,120
Lava,12499,41.3,1,0.0,0,Dimensity,8,2.4,8.0,128,5000,1,33,50,16,Android,6.78,120
Oppo,21999,80.0,0,0.0,0,Snapdragon,8,2.4,8.0,128,4500,1,33,64,32,Android,6.43,90
Iqoo,14999,81.5,1,0.0,0,Snapdragon,8,2.0,6.0,128,5000,1,18,50,8,Android,6.58,120
Apple,79900,80.0,1,1.0,0,Bionic,6,3.22,6.0,256,4325,1,20,12,12,iOS,6.7,60
Poco,9999,82.0,1,0.0,1,Dimensity,8,2.2,4.0,128,5000,1,18,50,5,Android,6.74,90
Motorola,13990,80.0,0,0.0,0,Helio,8,2.2,6.0,128,5000,1,33,108,16,Android,6.55,120
Iqoo,13999,81.5,1,0.0,0,Snapdragon,8,2.0,4.0,64,5000,1,18,50,8,Android,6.58,120
Oppo,15479,84.0,1,0.0,0,Dimensity,8,2.2,8.0,128,5000,1,33,50,8,Android,6.56,90
Vivo,34999,83.0,1,0.0,0,Dimensity,8,3.0,12.0,256,4830,1,66,64,32,Android,6.56,120
Oppo,9999,84.0,0,0.0,0,Helio,8,2.3,4.0,64,5000,1,20,50,5,Android,6.56,60
Vivo,9696,83.0,0,0.0,0,Helio,8,2.0,4.0,64,5000,1,18,50,8,Android,6.55,60
Nothing,23999,84.0,1,1.0,0,Snapdragon,8,2.5,12.0,256,4500,1,33,50,16,Android,6.55,120
Samsung,21999,85.0,1,0.0,0,Snapdragon,8,2.2,6.0,128,5000,1,25,50,8,Android,6.6,120
Oneplus,34598,82.0,1,1.0,0,Snapdragon,8,3.2,8.0,128,4800,1,150,50,16,Android,6.7,120
Vivo,16990,80.0,0,0.0,0,Helio,8,2.05,8.0,128,4050,1,44,50,44,Android,6.44,60
Vivo,53999,86.0,1,1.0,1,Dimensity,8,3.05,8.0,256,4810,1,120,50,32,Android,6.78,120
Xiaomi,8999,84.0,0,0.0,1,Helio,8,2.0,4.0,128,5000,1,18,50,8,Android,6.79,90
Vivo,21980,82.0,1,0.0,0,Snapdragon,8,2.4,8.0,128,4700,1,66,64,16,Android,6.44,90
Vivo,13290,83.0,0,0.0,0,Snapdragon,8,2.4,4.0,128,5000,1,44,50,16,Android,6.44,60
Realme,42999,82.0,1,1.0,0,Dimensity,8,2.85,12.0,256,4500,1,150,50,16,Android,6.7,120
Realme,15990,82.0,0,0.0,0,Snapdragon,8,2.4,8.0,128,5000,1,33,108,16,Android,6.4,90
Poco,13640,80.0,1,0.0,1,Snapdragon,8,2.2,6.0,128,5000,1,67,64,16,Android,6.67,120
Motorola,15999,81.0,1,1.0,0,Snapdragon,8,2.2,6.0,128,5000,1,30,50,16,Android,6.6,120
Samsung,19999,82.0,1,1.0,0,Exynos,8,2.4,8.0,128,6000,1,25,50,8,Android,6.6,120
Samsung,33990,83.0,1,1.0,0,Exynos,8,2.4,8.0,128,5000,1,25,48,13,Android,6.4,90
Xiaomi,20999,81.0,0,0.0,1,Helio,8,2.05,8.0,128,5000,1,67,108,16,Android,6.67,120
Xiaomi,24999,85.0,1,0.0,1,Snapdragon,8,2.2,8.0,256,5000,1,67,108,16,Android,6.67,120
Poco,10450,82.0,0,0.0,1,Helio,8,2.05,6.0,128,5000,1,33,64,16,Android,6.43,90
Iqoo,32999,81.0,1,1.0,0,Snapdragon,8,2.84,8.0,128,4500,1,66,48,16,Android,6.62,120
Xiaomi,12999,84.0,0,0.0,1,Snapdragon,8,2.4,6.0,128,5000,1,33,50,13,Android,6.43,90
Infinix,8699,85.0,0,0.0,0,Helio,8,2.0,6.0,128,5000,1,33,50,16,Android,6.7,60
Xiaomi,8499,84.0,0,0.0,1,Helio,8,2.2,4.0,64,5000,1,18,50,8,Android,6.58,90
Vivo,25999,81.0,1,0.0,0,Dimensity,8,3.0,8.0,128,4830,1,66,64,32,Android,6.56,120
Oneplus,45998,88.0,1,1.0,0,Snapdragon,8,3.0,12.0,256,5000,1,80,50,32,Android,6.7,120
Iqoo,27999,80.0,1,0.0,1,Snapdragon,8,3.2,8.0,128,4700,1,80,64,16,Android,6.62,120
Xiaomi,13980,80.0,0,0.0,1,Helio,8,2.05,8.0,128,5000,1,33,64,13,Android,6.43,60
Xiaomi,16499,84.0,1,0.0,1,Dimensity,8,2.4,6.0,128,5000,1,33,50,16,Android,6.6,90
Realme,27990,82.0,1,0.0,0,Dimensity,8,2.5,6.0,128,4500,1,60,50,16,Android,6.4,90
Vivo,43670,84.0,1,0.0,0,Dimensity,8,3.05,8.0,128,4500,1,80,50,32,Android,6.78,120
